company,window,num,rank,family,macro,klass,weight
microsoft,thirty-days,1,1,hashing,hashing,periph,1.0
microsoft,thirty-days,14,2,string-other,string,periph,1.0
microsoft,thirty-days,2,3,linked-list,linked-list,periph,1.0
microsoft,thirty-days,15,4,two-pointers,two-pointers,periph,1.0
microsoft,thirty-days,23,5,heap-topk,heap-select,periph,1.0
microsoft,thirty-days,128,6,hashing,hashing,periph,1.0
microsoft,thirty-days,297,7,tree-construct,tree,periph,1.0
microsoft,thirty-days,3,8,sliding-window,sliding-window,periph,1.0
microsoft,thirty-days,5,9,string-other,string,periph,1.0
microsoft,thirty-days,11,10,two-pointers,two-pointers,periph,1.0
microsoft,thirty-days,12,11,string-other,string,periph,1.0
microsoft,thirty-days,13,12,string-other,string,periph,1.0
microsoft,thirty-days,33,13,binary-search,binary-search,periph,1.0
microsoft,thirty-days,56,14,merge-intervals,intervals,periph,1.0
microsoft,thirty-days,75,15,dutch-flag,two-pointers,periph,1.0
microsoft,thirty-days,121,16,dp-linear,dp,core,1.0
microsoft,thirty-days,138,17,linked-list,linked-list,periph,1.0
microsoft,thirty-days,175,18,sql,sql,trivial,1.0
microsoft,thirty-days,239,19,monotonic-stack,stack,periph,1.0
microsoft,thirty-days,383,20,hashing,hashing,periph,1.0
microsoft,thirty-days,992,21,sliding-window,sliding-window,periph,1.0
microsoft,thirty-days,1353,22,greedy,greedy,periph,1.0
microsoft,thirty-days,1757,23,sql,sql,trivial,1.0
microsoft,thirty-days,2784,24,hashing,hashing,periph,1.0
bloomberg,more-than-six-months,1,1,hashing,hashing,periph,1.0
bloomberg,more-than-six-months,2,2,linked-list,linked-list,periph,1.0
bloomberg,more-than-six-months,56,3,merge-intervals,intervals,periph,1.0
bloomberg,more-than-six-months,200,4,dfs-flood,graph-search,periph,1.0
bloomberg,more-than-six-months,380,5,design,design,periph,1.0
bloomberg,more-than-six-months,3,6,sliding-window,sliding-window,periph,1.0
bloomberg,more-than-six-months,121,7,dp-linear,dp,core,1.0
bloomberg,more-than-six-months,20,8,pairing-stack,stack,periph,1.0
bloomberg,more-than-six-months,14,9,string-other,string,periph,1.0
bloomberg,more-than-six-months,42,10,monotonic-stack,stack,periph,1.0
bloomberg,more-than-six-months,15,11,two-pointers,two-pointers,periph,1.0
bloomberg,more-than-six-months,1169,12,hashing,hashing,periph,1.0
bloomberg,more-than-six-months,430,13,linked-list,linked-list,periph,1.0
bloomberg,more-than-six-months,5,14,string-other,string,periph,1.0
bloomberg,more-than-six-months,4,15,binary-search,binary-search,periph,1.0
bloomberg,more-than-six-months,169,16,hashing,hashing,periph,1.0
bloomberg,more-than-six-months,7,17,math-bit,math-bit,periph,1.0
bloomberg,more-than-six-months,242,18,hashing,hashing,periph,1.0
bloomberg,more-than-six-months,79,19,backtracking,backtracking,core,1.0
bloomberg,more-than-six-months,88,20,two-pointers,two-pointers,periph,1.0
bloomberg,more-than-six-months,394,21,pairing-stack,stack,periph,1.0
bloomberg,more-than-six-months,9,22,math-bit,math-bit,periph,1.0
bloomberg,more-than-six-months,11,23,two-pointers,two-pointers,periph,1.0
bloomberg,more-than-six-months,21,24,linked-list,linked-list,periph,1.0
bloomberg,more-than-six-months,26,25,two-pointers,two-pointers,periph,1.0
bloomberg,more-than-six-months,128,26,hashing,hashing,periph,1.0
bloomberg,more-than-six-months,146,27,design,design,periph,1.0
bloomberg,more-than-six-months,560,28,prefix-sum,prefix-sum,periph,1.0
bloomberg,more-than-six-months,13,29,string-other,string,periph,1.0
bloomberg,more-than-six-months,31,30,two-pointers,two-pointers,periph,1.0
bloomberg,more-than-six-months,78,31,backtracking,backtracking,core,1.0
bloomberg,more-than-six-months,155,32,design,design,periph,1.0
bloomberg,more-than-six-months,33,33,binary-search,binary-search,periph,1.0
bloomberg,more-than-six-months,53,34,dp-linear,dp,core,1.0
bloomberg,more-than-six-months,162,35,binary-search,binary-search,periph,1.0
bloomberg,more-than-six-months,22,36,backtracking,backtracking,core,1.0
bloomberg,more-than-six-months,1396,37,design,design,periph,1.0
bloomberg,more-than-six-months,2667,38,trivial,trivial,trivial,1.0
bloomberg,more-than-six-months,48,39,matrix-sim,matrix-sim,periph,1.0
bloomberg,more-than-six-months,118,40,dp-linear,dp,core,1.0
bloomberg,more-than-six-months,34,41,binary-search,binary-search,periph,1.0
bloomberg,more-than-six-months,387,42,hashing,hashing,periph,1.0
bloomberg,more-than-six-months,49,43,hashing,hashing,periph,1.0
bloomberg,more-than-six-months,55,44,greedy,greedy,periph,1.0
bloomberg,more-than-six-months,70,45,dp-linear,dp,core,1.0
bloomberg,more-than-six-months,98,46,bst,tree,periph,1.0
bloomberg,more-than-six-months,189,47,two-pointers,two-pointers,periph,1.0
bloomberg,more-than-six-months,217,48,hashing,hashing,periph,1.0
bloomberg,more-than-six-months,540,49,binary-search,binary-search,periph,1.0
bloomberg,more-than-six-months,206,50,linked-list,linked-list,periph,1.0
bloomberg,more-than-six-months,283,51,two-pointers,two-pointers,periph,1.0
bloomberg,more-than-six-months,125,52,two-pointers,two-pointers,periph,1.0
bloomberg,more-than-six-months,140,53,backtracking,backtracking,core,1.0
bloomberg,more-than-six-months,253,54,diff-array,intervals,periph,1.0
bloomberg,more-than-six-months,18,55,two-pointers,two-pointers,periph,1.0
bloomberg,more-than-six-months,1387,56,math-bit,math-bit,periph,1.0
bloomberg,more-than-six-months,54,57,matrix-sim,matrix-sim,periph,1.0
bloomberg,more-than-six-months,136,58,math-bit,math-bit,periph,1.0
bloomberg,more-than-six-months,875,59,binary-search,binary-search,periph,1.0
bloomberg,more-than-six-months,75,60,dutch-flag,two-pointers,periph,1.0
bloomberg,more-than-six-months,322,61,dp-knapsack,dp,core,1.0
bloomberg,more-than-six-months,1752,62,two-pointers,two-pointers,periph,1.0
bloomberg,more-than-six-months,314,63,bfs,graph-search,core,1.0
bloomberg,more-than-six-months,424,64,sliding-window,sliding-window,periph,1.0
bloomberg,more-than-six-months,1274,65,matrix-sim,matrix-sim,periph,1.0
bloomberg,more-than-six-months,8,66,string-other,string,periph,1.0
bloomberg,more-than-six-months,27,67,two-pointers,two-pointers,periph,1.0
bloomberg,more-than-six-months,28,68,string-matching,string,periph,1.0
bloomberg,more-than-six-months,35,69,binary-search,binary-search,periph,1.0
bloomberg,more-than-six-months,66,70,math-bit,math-bit,periph,1.0
bloomberg,more-than-six-months,2423,71,hashing,hashing,periph,1.0
bloomberg,more-than-six-months,69,72,binary-search,binary-search,periph,1.0
bloomberg,more-than-six-months,131,73,backtracking,backtracking,core,1.0
bloomberg,more-than-six-months,1209,74,pairing-stack,stack,periph,1.0
bloomberg,more-than-six-months,1757,75,sql,sql,trivial,1.0
bloomberg,more-than-six-months,23,76,heap-topk,heap-select,periph,1.0
bloomberg,more-than-six-months,73,77,matrix-sim,matrix-sim,periph,1.0
bloomberg,more-than-six-months,198,78,dp-linear,dp,core,1.0
bloomberg,more-than-six-months,485,79,sliding-window,sliding-window,periph,1.0
bloomberg,more-than-six-months,6,80,string-other,string,periph,1.0
bloomberg,more-than-six-months,238,81,prefix-sum,prefix-sum,periph,1.0
bloomberg,more-than-six-months,797,82,graph-other,graph-search,periph,1.0
bloomberg,more-than-six-months,50,83,math-bit,math-bit,periph,1.0
bloomberg,more-than-six-months,74,84,binary-search,binary-search,periph,1.0
bloomberg,more-than-six-months,1249,85,pairing-stack,stack,periph,1.0
bloomberg,more-than-six-months,1768,86,string-other,string,periph,1.0
bloomberg,more-than-six-months,39,87,backtracking,backtracking,core,1.0
bloomberg,more-than-six-months,84,88,monotonic-stack,stack,periph,1.0
bloomberg,more-than-six-months,102,89,bfs,graph-search,core,1.0
bloomberg,more-than-six-months,143,90,linked-list,linked-list,periph,1.0
bloomberg,more-than-six-months,205,91,hashing,hashing,periph,1.0
bloomberg,more-than-six-months,739,92,monotonic-stack,stack,periph,1.0
bloomberg,more-than-six-months,987,93,bfs,graph-search,core,1.0
bloomberg,more-than-six-months,51,94,backtracking,backtracking,core,1.0
bloomberg,more-than-six-months,116,95,tree-traversal,tree,core,1.0
bloomberg,more-than-six-months,134,96,greedy,greedy,periph,1.0
bloomberg,more-than-six-months,135,97,greedy,greedy,periph,1.0
bloomberg,more-than-six-months,234,98,fast-slow,two-pointers,periph,1.0
bloomberg,more-than-six-months,349,99,hashing,hashing,periph,1.0
bloomberg,more-than-six-months,496,100,monotonic-stack,stack,periph,1.0
bloomberg,more-than-six-months,1838,101,sliding-window,sliding-window,periph,1.0
bloomberg,more-than-six-months,17,102,backtracking,backtracking,core,1.0
bloomberg,more-than-six-months,67,103,math-bit,math-bit,periph,1.0
bloomberg,more-than-six-months,151,104,string-other,string,periph,1.0
bloomberg,more-than-six-months,399,105,union-find,graph-search,periph,1.0
bloomberg,more-than-six-months,1029,106,greedy,greedy,periph,1.0
bloomberg,more-than-six-months,19,107,fast-slow,two-pointers,periph,1.0
bloomberg,more-than-six-months,215,108,heap-topk,heap-select,periph,1.0
bloomberg,more-than-six-months,611,109,two-pointers,two-pointers,periph,1.0
bloomberg,more-than-six-months,704,110,binary-search,binary-search,periph,1.0
bloomberg,more-than-six-months,1244,111,design,design,periph,1.0
bloomberg,more-than-six-months,10,112,dp-grid,dp,core,1.0
bloomberg,more-than-six-months,12,113,string-other,string,periph,1.0
bloomberg,more-than-six-months,36,114,hashing,hashing,periph,1.0
bloomberg,more-than-six-months,46,115,backtracking,backtracking,core,1.0
bloomberg,more-than-six-months,58,116,string-other,string,periph,1.0
bloomberg,more-than-six-months,122,117,greedy,greedy,periph,1.0
bloomberg,more-than-six-months,139,118,dp-linear,dp,core,1.0
bloomberg,more-than-six-months,175,119,sql,sql,trivial,1.0
bloomberg,more-than-six-months,300,120,dp-linear,dp,core,1.0
bloomberg,more-than-six-months,509,121,dp-linear,dp,core,1.0
bloomberg,more-than-six-months,16,122,two-pointers,two-pointers,periph,1.0
bloomberg,more-than-six-months,45,123,greedy,greedy,periph,1.0
bloomberg,more-than-six-months,62,124,dp-grid,dp,core,1.0
bloomberg,more-than-six-months,202,125,hashing,hashing,periph,1.0
bloomberg,more-than-six-months,852,126,binary-search,binary-search,periph,1.0
bloomberg,more-than-six-months,1656,127,design,design,periph,1.0
bloomberg,more-than-six-months,44,128,dp-grid,dp,core,1.0
bloomberg,more-than-six-months,72,129,dp-grid,dp,core,1.0
bloomberg,more-than-six-months,104,130,tree-aggregate,tree,core,1.0
bloomberg,more-than-six-months,152,131,dp-linear,dp,core,1.0
bloomberg,more-than-six-months,219,132,hashing,hashing,periph,1.0
bloomberg,more-than-six-months,328,133,linked-list,linked-list,periph,1.0
bloomberg,more-than-six-months,347,134,heap-topk,heap-select,periph,1.0
bloomberg,more-than-six-months,443,135,two-pointers,two-pointers,periph,1.0
bloomberg,more-than-six-months,994,136,bfs,graph-search,core,1.0
bloomberg,more-than-six-months,1472,137,design,design,periph,1.0
bloomberg,more-than-six-months,1661,138,sql,sql,trivial,1.0
bloomberg,more-than-six-months,61,139,linked-list,linked-list,periph,1.0
bloomberg,more-than-six-months,83,140,linked-list,linked-list,periph,1.0
bloomberg,more-than-six-months,90,141,backtracking,backtracking,core,1.0
bloomberg,more-than-six-months,138,142,linked-list,linked-list,periph,1.0
bloomberg,more-than-six-months,141,143,fast-slow,two-pointers,periph,1.0
bloomberg,more-than-six-months,209,144,sliding-window,sliding-window,periph,1.0
bloomberg,more-than-six-months,235,145,bst,tree,periph,1.0
bloomberg,more-than-six-months,503,146,monotonic-stack,stack,periph,1.0
bloomberg,more-than-six-months,570,147,sql,sql,trivial,1.0
bloomberg,more-than-six-months,796,148,string-other,string,periph,1.0
bloomberg,more-than-six-months,901,149,monotonic-stack,stack,periph,1.0
bloomberg,more-than-six-months,1011,150,binary-search,binary-search,periph,1.0
bloomberg,more-than-six-months,2965,151,hashing,hashing,periph,1.0
bloomberg,more-than-six-months,110,152,tree-aggregate,tree,core,1.0
bloomberg,more-than-six-months,127,153,bfs,graph-search,core,1.0
bloomberg,more-than-six-months,167,154,two-pointers,two-pointers,periph,1.0
bloomberg,more-than-six-months,207,155,topo-sort,graph-search,core,1.0
bloomberg,more-than-six-months,237,156,linked-list,linked-list,periph,1.0
bloomberg,more-than-six-months,239,157,monotonic-stack,stack,periph,1.0
bloomberg,more-than-six-months,344,158,two-pointers,two-pointers,periph,1.0
bloomberg,more-than-six-months,345,159,two-pointers,two-pointers,periph,1.0
bloomberg,more-than-six-months,416,160,dp-knapsack,dp,core,1.0
bloomberg,more-than-six-months,912,161,heap-topk,heap-select,periph,1.0
bloomberg,more-than-six-months,1193,162,sql,sql,trivial,1.0
bloomberg,more-than-six-months,1347,163,hashing,hashing,periph,1.0
bloomberg,more-than-six-months,25,164,linked-list,linked-list,periph,1.0
bloomberg,more-than-six-months,179,165,greedy,greedy,periph,1.0
bloomberg,more-than-six-months,229,166,hashing,hashing,periph,1.0
bloomberg,more-than-six-months,236,167,tree-aggregate,tree,core,1.0
bloomberg,more-than-six-months,287,168,fast-slow,two-pointers,periph,1.0
bloomberg,more-than-six-months,1482,169,binary-search,binary-search,periph,1.0
bloomberg,more-than-six-months,1614,170,pairing-stack,stack,periph,1.0
bloomberg,more-than-six-months,24,171,linked-list,linked-list,periph,1.0
bloomberg,more-than-six-months,29,172,math-bit,math-bit,periph,1.0
bloomberg,more-than-six-months,81,173,binary-search,binary-search,periph,1.0
bloomberg,more-than-six-months,101,174,tree-traversal,tree,core,1.0
bloomberg,more-than-six-months,103,175,bfs,graph-search,core,1.0
bloomberg,more-than-six-months,120,176,dp-grid,dp,core,1.0
bloomberg,more-than-six-months,124,177,dp-tree,dp,core,1.0
bloomberg,more-than-six-months,150,178,pairing-stack,stack,periph,1.0
bloomberg,more-than-six-months,199,179,bfs,graph-search,core,1.0
bloomberg,more-than-six-months,203,180,linked-list,linked-list,periph,1.0
bloomberg,more-than-six-months,231,181,math-bit,math-bit,periph,1.0
bloomberg,more-than-six-months,386,182,dfs-flood,graph-search,periph,1.0
bloomberg,more-than-six-months,410,183,binary-search,binary-search,periph,1.0
bloomberg,more-than-six-months,543,184,tree-aggregate,tree,core,1.0
bloomberg,more-than-six-months,1004,185,sliding-window,sliding-window,periph,1.0
bloomberg,more-than-six-months,1148,186,sql,sql,trivial,1.0
bloomberg,more-than-six-months,1280,187,sql,sql,trivial,1.0
bloomberg,more-than-six-months,76,188,sliding-window,sliding-window,periph,1.0
bloomberg,more-than-six-months,100,189,tree-traversal,tree,core,1.0
bloomberg,more-than-six-months,105,190,tree-construct,tree,periph,1.0
bloomberg,more-than-six-months,176,191,sql,sql,trivial,1.0
bloomberg,more-than-six-months,204,192,number-theory,math-bit,periph,1.0
bloomberg,more-than-six-months,230,193,bst,tree,periph,1.0
bloomberg,more-than-six-months,258,194,math-bit,math-bit,periph,1.0
bloomberg,more-than-six-months,268,195,math-bit,math-bit,periph,1.0
bloomberg,more-than-six-months,274,196,hashing,hashing,periph,1.0
bloomberg,more-than-six-months,402,197,monotonic-stack,stack,periph,1.0
bloomberg,more-than-six-months,1251,198,sql,sql,trivial,1.0
bloomberg,more-than-six-months,1583,199,hashing,hashing,periph,1.0
bloomberg,more-than-six-months,1823,200,math-bit,math-bit,periph,1.0
google,more-than-six-months,1,1,hashing,hashing,periph,1.0
google,more-than-six-months,2,2,linked-list,linked-list,periph,1.0
google,more-than-six-months,88,3,two-pointers,two-pointers,periph,1.0
google,more-than-six-months,4,4,binary-search,binary-search,periph,1.0
google,more-than-six-months,2667,5,trivial,trivial,trivial,1.0
google,more-than-six-months,42,6,monotonic-stack,stack,periph,1.0
google,more-than-six-months,14,7,string-other,string,periph,1.0
google,more-than-six-months,1768,8,string-other,string,periph,1.0
google,more-than-six-months,9,9,math-bit,math-bit,periph,1.0
google,more-than-six-months,3,10,sliding-window,sliding-window,periph,1.0
google,more-than-six-months,15,11,two-pointers,two-pointers,periph,1.0
google,more-than-six-months,121,12,dp-linear,dp,core,1.0
google,more-than-six-months,1757,13,sql,sql,trivial,1.0
google,more-than-six-months,5,14,string-other,string,periph,1.0
google,more-than-six-months,128,15,hashing,hashing,periph,1.0
google,more-than-six-months,70,16,dp-linear,dp,core,1.0
google,more-than-six-months,11,17,two-pointers,two-pointers,periph,1.0
google,more-than-six-months,20,18,pairing-stack,stack,periph,1.0
google,more-than-six-months,53,19,dp-linear,dp,core,1.0
google,more-than-six-months,200,20,dfs-flood,graph-search,periph,1.0
google,more-than-six-months,13,21,string-other,string,periph,1.0
google,more-than-six-months,169,22,hashing,hashing,periph,1.0
google,more-than-six-months,56,23,merge-intervals,intervals,periph,1.0
google,more-than-six-months,7,24,math-bit,math-bit,periph,1.0
google,more-than-six-months,26,25,two-pointers,two-pointers,periph,1.0
google,more-than-six-months,560,26,prefix-sum,prefix-sum,periph,1.0
google,more-than-six-months,21,27,linked-list,linked-list,periph,1.0
google,more-than-six-months,31,28,two-pointers,two-pointers,periph,1.0
google,more-than-six-months,22,29,backtracking,backtracking,core,1.0
google,more-than-six-months,2235,30,trivial,trivial,trivial,1.0
google,more-than-six-months,1526,31,greedy,greedy,periph,1.0
google,more-than-six-months,253,32,diff-array,intervals,periph,1.0
google,more-than-six-months,27,33,two-pointers,two-pointers,periph,1.0
google,more-than-six-months,206,34,linked-list,linked-list,periph,1.0
google,more-than-six-months,54,35,matrix-sim,matrix-sim,periph,1.0
google,more-than-six-months,118,36,dp-linear,dp,core,1.0
google,more-than-six-months,394,37,pairing-stack,stack,periph,1.0
google,more-than-six-months,2995,38,sql,sql,trivial,1.0
google,more-than-six-months,33,39,binary-search,binary-search,periph,1.0
google,more-than-six-months,283,40,two-pointers,two-pointers,periph,1.0
google,more-than-six-months,136,41,math-bit,math-bit,periph,1.0
google,more-than-six-months,18,42,two-pointers,two-pointers,periph,1.0
google,more-than-six-months,84,43,monotonic-stack,stack,periph,1.0
google,more-than-six-months,410,44,binary-search,binary-search,periph,1.0
google,more-than-six-months,51,45,backtracking,backtracking,core,1.0
google,more-than-six-months,55,46,greedy,greedy,periph,1.0
google,more-than-six-months,28,47,string-matching,string,periph,1.0
google,more-than-six-months,875,48,binary-search,binary-search,periph,1.0
google,more-than-six-months,17,49,backtracking,backtracking,core,1.0
google,more-than-six-months,146,50,design,design,periph,1.0
google,more-than-six-months,162,51,binary-search,binary-search,periph,1.0
google,more-than-six-months,189,52,two-pointers,two-pointers,periph,1.0
google,more-than-six-months,198,53,dp-linear,dp,core,1.0
google,more-than-six-months,35,54,binary-search,binary-search,periph,1.0
google,more-than-six-months,48,55,matrix-sim,matrix-sim,periph,1.0
google,more-than-six-months,347,56,heap-topk,heap-select,periph,1.0
google,more-than-six-months,6,57,string-other,string,periph,1.0
google,more-than-six-months,49,58,hashing,hashing,periph,1.0
google,more-than-six-months,215,59,heap-topk,heap-select,periph,1.0
google,more-than-six-months,242,60,hashing,hashing,periph,1.0
google,more-than-six-months,359,61,design,design,periph,1.0
google,more-than-six-months,75,62,dutch-flag,two-pointers,periph,1.0
google,more-than-six-months,202,63,hashing,hashing,periph,1.0
google,more-than-six-months,73,64,matrix-sim,matrix-sim,periph,1.0
google,more-than-six-months,221,65,dp-grid,dp,core,1.0
google,more-than-six-months,540,66,binary-search,binary-search,periph,1.0
google,more-than-six-months,50,67,math-bit,math-bit,periph,1.0
google,more-than-six-months,66,68,math-bit,math-bit,periph,1.0
google,more-than-six-months,424,69,sliding-window,sliding-window,periph,1.0
google,more-than-six-months,238,70,prefix-sum,prefix-sum,periph,1.0
google,more-than-six-months,485,71,sliding-window,sliding-window,periph,1.0
google,more-than-six-months,67,72,math-bit,math-bit,periph,1.0
google,more-than-six-months,239,73,monotonic-stack,stack,periph,1.0
google,more-than-six-months,295,74,heap-topk,heap-select,periph,1.0
google,more-than-six-months,994,75,bfs,graph-search,core,1.0
google,more-than-six-months,34,76,binary-search,binary-search,periph,1.0
google,more-than-six-months,231,77,math-bit,math-bit,periph,1.0
google,more-than-six-months,19,78,fast-slow,two-pointers,periph,1.0
google,more-than-six-months,207,79,topo-sort,graph-search,core,1.0
google,more-than-six-months,354,80,binary-search,binary-search,periph,1.0
google,more-than-six-months,62,81,dp-grid,dp,core,1.0
google,more-than-six-months,300,82,dp-linear,dp,core,1.0
google,more-than-six-months,10,83,dp-grid,dp,core,1.0
google,more-than-six-months,224,84,pairing-stack,stack,periph,1.0
google,more-than-six-months,23,85,heap-topk,heap-select,periph,1.0
google,more-than-six-months,78,86,backtracking,backtracking,core,1.0
google,more-than-six-months,85,87,monotonic-stack,stack,periph,1.0
google,more-than-six-months,349,88,hashing,hashing,periph,1.0
google,more-than-six-months,3625,89,geometry,math-bit,periph,1.0
google,more-than-six-months,3355,90,diff-array,intervals,periph,1.0
google,more-than-six-months,124,91,dp-tree,dp,core,1.0
google,more-than-six-months,125,92,two-pointers,two-pointers,periph,1.0
google,more-than-six-months,704,93,binary-search,binary-search,periph,1.0
google,more-than-six-months,1944,94,monotonic-stack,stack,periph,1.0
google,more-than-six-months,152,95,dp-linear,dp,core,1.0
google,more-than-six-months,322,96,dp-knapsack,dp,core,1.0
google,more-than-six-months,46,97,backtracking,backtracking,core,1.0
google,more-than-six-months,69,98,binary-search,binary-search,periph,1.0
google,more-than-six-months,45,99,greedy,greedy,periph,1.0
google,more-than-six-months,135,100,greedy,greedy,periph,1.0
google,more-than-six-months,155,101,design,design,periph,1.0
google,more-than-six-months,36,102,hashing,hashing,periph,1.0
google,more-than-six-months,1101,103,union-find,graph-search,periph,1.0
google,more-than-six-months,16,104,two-pointers,two-pointers,periph,1.0
google,more-than-six-months,41,105,hashing,hashing,periph,1.0
google,more-than-six-months,151,106,string-other,string,periph,1.0
google,more-than-six-months,217,107,hashing,hashing,periph,1.0
google,more-than-six-months,416,108,dp-knapsack,dp,core,1.0
google,more-than-six-months,2877,109,trivial,trivial,trivial,1.0
google,more-than-six-months,3623,110,geometry,math-bit,periph,1.0
google,more-than-six-months,234,111,fast-slow,two-pointers,periph,1.0
google,more-than-six-months,37,112,backtracking,backtracking,core,1.0
google,more-than-six-months,122,113,greedy,greedy,periph,1.0
google,more-than-six-months,68,114,string-other,string,periph,1.0
google,more-than-six-months,141,115,fast-slow,two-pointers,periph,1.0
google,more-than-six-months,1004,116,sliding-window,sliding-window,periph,1.0
google,more-than-six-months,61,117,linked-list,linked-list,periph,1.0
google,more-than-six-months,175,118,sql,sql,trivial,1.0
google,more-than-six-months,907,119,monotonic-stack,stack,periph,1.0
google,more-than-six-months,25,120,linked-list,linked-list,periph,1.0
google,more-than-six-months,219,121,hashing,hashing,periph,1.0
google,more-than-six-months,3453,122,binary-search,binary-search,periph,1.0
google,more-than-six-months,39,123,backtracking,backtracking,core,1.0
google,more-than-six-months,402,124,monotonic-stack,stack,periph,1.0
google,more-than-six-months,876,125,fast-slow,two-pointers,periph,1.0
google,more-than-six-months,131,126,backtracking,backtracking,core,1.0
google,more-than-six-months,852,127,binary-search,binary-search,periph,1.0
google,more-than-six-months,167,128,two-pointers,two-pointers,periph,1.0
google,more-than-six-months,204,129,number-theory,math-bit,periph,1.0
google,more-than-six-months,380,130,design,design,periph,1.0
google,more-than-six-months,509,131,dp-linear,dp,core,1.0
google,more-than-six-months,715,132,design,design,periph,1.0
google,more-than-six-months,939,133,hashing,hashing,periph,1.0
google,more-than-six-months,584,134,sql,sql,trivial,1.0
google,more-than-six-months,843,135,string-other,string,periph,1.0
google,more-than-six-months,904,136,sliding-window,sliding-window,periph,1.0
google,more-than-six-months,72,137,dp-grid,dp,core,1.0
google,more-than-six-months,226,138,tree-traversal,tree,core,1.0
google,more-than-six-months,100,139,tree-traversal,tree,core,1.0
google,more-than-six-months,176,140,sql,sql,trivial,1.0
google,more-than-six-months,205,141,hashing,hashing,periph,1.0
google,more-than-six-months,493,142,binary-search,binary-search,periph,1.0
google,more-than-six-months,543,143,tree-aggregate,tree,core,1.0
google,more-than-six-months,1929,144,trivial,trivial,trivial,1.0
google,more-than-six-months,76,145,sliding-window,sliding-window,periph,1.0
google,more-than-six-months,287,146,fast-slow,two-pointers,periph,1.0
google,more-than-six-months,595,147,sql,sql,trivial,1.0
google,more-than-six-months,1148,148,sql,sql,trivial,1.0
google,more-than-six-months,2337,149,two-pointers,two-pointers,periph,1.0
google,more-than-six-months,3481,150,string-other,string,periph,1.0
google,more-than-six-months,12,151,string-other,string,periph,1.0
google,more-than-six-months,29,152,math-bit,math-bit,periph,1.0
google,more-than-six-months,90,153,backtracking,backtracking,core,1.0
google,more-than-six-months,739,154,monotonic-stack,stack,periph,1.0
google,more-than-six-months,1825,155,design,design,periph,1.0
google,more-than-six-months,58,156,string-other,string,periph,1.0
google,more-than-six-months,79,157,backtracking,backtracking,core,1.0
google,more-than-six-months,443,158,two-pointers,two-pointers,periph,1.0
google,more-than-six-months,448,159,hashing,hashing,periph,1.0
google,more-than-six-months,528,160,binary-search,binary-search,periph,1.0
google,more-than-six-months,1071,161,string-other,string,periph,1.0
google,more-than-six-months,1207,162,hashing,hashing,periph,1.0
google,more-than-six-months,1752,163,two-pointers,two-pointers,periph,1.0
google,more-than-six-months,8,164,string-other,string,periph,1.0
google,more-than-six-months,179,165,greedy,greedy,periph,1.0
google,more-than-six-months,567,166,sliding-window,sliding-window,periph,1.0
google,more-than-six-months,912,167,heap-topk,heap-select,periph,1.0
google,more-than-six-months,2402,168,heap-topk,heap-select,periph,1.0
google,more-than-six-months,57,169,merge-intervals,intervals,periph,1.0
google,more-than-six-months,130,170,dfs-flood,graph-search,periph,1.0
google,more-than-six-months,229,171,hashing,hashing,periph,1.0
google,more-than-six-months,268,172,math-bit,math-bit,periph,1.0
google,more-than-six-months,547,173,union-find,graph-search,periph,1.0
google,more-than-six-months,1011,174,binary-search,binary-search,periph,1.0
google,more-than-six-months,139,175,dp-linear,dp,core,1.0
google,more-than-six-months,148,176,linked-list,linked-list,periph,1.0
google,more-than-six-months,197,177,sql,sql,trivial,1.0
google,more-than-six-months,236,178,tree-aggregate,tree,core,1.0
google,more-than-six-months,326,179,math-bit,math-bit,periph,1.0
google,more-than-six-months,1480,180,prefix-sum,prefix-sum,periph,1.0
google,more-than-six-months,3356,181,diff-array,intervals,periph,1.0
google,more-than-six-months,44,182,dp-grid,dp,core,1.0
google,more-than-six-months,101,183,tree-traversal,tree,core,1.0
google,more-than-six-months,127,184,bfs,graph-search,core,1.0
google,more-than-six-months,134,185,greedy,greedy,periph,1.0
google,more-than-six-months,138,186,linked-list,linked-list,periph,1.0
google,more-than-six-months,345,187,two-pointers,two-pointers,periph,1.0
google,more-than-six-months,1661,188,sql,sql,trivial,1.0
google,more-than-six-months,102,189,bfs,graph-search,core,1.0
google,more-than-six-months,344,190,two-pointers,two-pointers,periph,1.0
google,more-than-six-months,389,191,math-bit,math-bit,periph,1.0
google,more-than-six-months,392,192,two-pointers,two-pointers,periph,1.0
google,more-than-six-months,494,193,dp-knapsack,dp,core,1.0
google,more-than-six-months,962,194,monotonic-stack,stack,periph,1.0
google,more-than-six-months,1838,195,sliding-window,sliding-window,periph,1.0
google,more-than-six-months,92,196,linked-list,linked-list,periph,1.0
google,more-than-six-months,94,197,tree-traversal,tree,core,1.0
google,more-than-six-months,328,198,linked-list,linked-list,periph,1.0
google,more-than-six-months,417,199,dfs-flood,graph-search,periph,1.0
google,more-than-six-months,74,200,binary-search,binary-search,periph,1.0
amazon,all,1,1,hashing,hashing,periph,1.0
amazon,all,146,2,design,design,periph,1.0
amazon,all,42,3,monotonic-stack,stack,periph,1.0
amazon,all,200,4,dfs-flood,graph-search,periph,1.0
amazon,all,3,5,sliding-window,sliding-window,periph,1.0
amazon,all,121,6,dp-linear,dp,core,1.0
amazon,all,49,7,hashing,hashing,periph,1.0
amazon,all,2,8,linked-list,linked-list,periph,1.0
amazon,all,767,9,greedy,greedy,periph,1.0
amazon,all,5,10,string-other,string,periph,1.0
amazon,all,15,11,two-pointers,two-pointers,periph,1.0
amazon,all,11,12,two-pointers,two-pointers,periph,1.0
amazon,all,56,13,merge-intervals,intervals,periph,1.0
amazon,all,4,14,binary-search,binary-search,periph,1.0
amazon,all,20,15,pairing-stack,stack,periph,1.0
amazon,all,875,16,binary-search,binary-search,periph,1.0
amazon,all,207,17,topo-sort,graph-search,core,1.0
amazon,all,23,18,heap-topk,heap-select,periph,1.0
amazon,all,994,19,bfs,graph-search,core,1.0
amazon,all,14,20,string-other,string,periph,1.0
amazon,all,88,21,two-pointers,two-pointers,periph,1.0
amazon,all,560,22,prefix-sum,prefix-sum,periph,1.0
amazon,all,347,23,heap-topk,heap-select,periph,1.0
amazon,all,33,24,binary-search,binary-search,periph,1.0
amazon,all,53,25,dp-linear,dp,core,1.0
amazon,all,138,26,linked-list,linked-list,periph,1.0
amazon,all,236,27,tree-aggregate,tree,core,1.0
amazon,all,22,28,backtracking,backtracking,core,1.0
amazon,all,9,29,math-bit,math-bit,periph,1.0
amazon,all,128,30,hashing,hashing,periph,1.0
amazon,all,127,31,bfs,graph-search,core,1.0
amazon,all,169,32,hashing,hashing,periph,1.0
amazon,all,21,33,linked-list,linked-list,periph,1.0
amazon,all,238,34,prefix-sum,prefix-sum,periph,1.0
amazon,all,55,35,greedy,greedy,periph,1.0
amazon,all,70,36,dp-linear,dp,core,1.0
amazon,all,198,37,dp-linear,dp,core,1.0
amazon,all,17,38,backtracking,backtracking,core,1.0
amazon,all,210,39,topo-sort,graph-search,core,1.0
amazon,all,54,40,matrix-sim,matrix-sim,periph,1.0
amazon,all,79,41,backtracking,backtracking,core,1.0
amazon,all,239,42,monotonic-stack,stack,periph,1.0
amazon,all,1152,43,hashing,hashing,periph,1.0
amazon,all,31,44,two-pointers,two-pointers,periph,1.0
amazon,all,215,45,heap-topk,heap-select,periph,1.0
amazon,all,242,46,hashing,hashing,periph,1.0
amazon,all,322,47,dp-knapsack,dp,core,1.0
amazon,all,48,48,matrix-sim,matrix-sim,periph,1.0
amazon,all,621,49,greedy,greedy,periph,1.0
amazon,all,26,50,two-pointers,two-pointers,periph,1.0
amazon,all,295,51,heap-topk,heap-select,periph,1.0
amazon,all,253,52,diff-array,intervals,periph,1.0
amazon,all,1768,53,string-other,string,periph,1.0
amazon,all,13,54,string-other,string,periph,1.0
amazon,all,380,55,design,design,periph,1.0
amazon,all,78,56,backtracking,backtracking,core,1.0
amazon,all,118,57,dp-linear,dp,core,1.0
amazon,all,7,58,math-bit,math-bit,periph,1.0
amazon,all,62,59,dp-grid,dp,core,1.0
amazon,all,1757,60,sql,sql,trivial,1.0
amazon,all,139,61,dp-linear,dp,core,1.0
amazon,all,2667,62,trivial,trivial,trivial,1.0
amazon,all,45,63,greedy,greedy,periph,1.0
amazon,all,735,64,pairing-stack,stack,periph,1.0
amazon,all,162,65,binary-search,binary-search,periph,1.0
amazon,all,34,66,binary-search,binary-search,periph,1.0
amazon,all,283,67,two-pointers,two-pointers,periph,1.0
amazon,all,75,68,dutch-flag,two-pointers,periph,1.0
amazon,all,84,69,monotonic-stack,stack,periph,1.0
amazon,all,189,70,two-pointers,two-pointers,periph,1.0
amazon,all,424,71,sliding-window,sliding-window,periph,1.0
amazon,all,51,72,backtracking,backtracking,core,1.0
amazon,all,36,73,hashing,hashing,periph,1.0
amazon,all,41,74,hashing,hashing,periph,1.0
amazon,all,122,75,greedy,greedy,periph,1.0
amazon,all,155,76,design,design,periph,1.0
amazon,all,76,77,sliding-window,sliding-window,periph,1.0
amazon,all,3371,78,hashing,hashing,periph,1.0
amazon,all,124,79,dp-tree,dp,core,1.0
amazon,all,1004,80,sliding-window,sliding-window,periph,1.0
amazon,all,18,81,two-pointers,two-pointers,periph,1.0
amazon,all,136,82,math-bit,math-bit,periph,1.0
amazon,all,10,83,dp-grid,dp,core,1.0
amazon,all,297,84,tree-construct,tree,periph,1.0
amazon,all,904,85,sliding-window,sliding-window,periph,1.0
amazon,all,69,86,binary-search,binary-search,periph,1.0
amazon,all,103,87,bfs,graph-search,core,1.0
amazon,all,234,88,fast-slow,two-pointers,periph,1.0
amazon,all,35,89,binary-search,binary-search,periph,1.0
amazon,all,74,90,binary-search,binary-search,periph,1.0
amazon,all,540,91,binary-search,binary-search,periph,1.0
amazon,all,739,92,monotonic-stack,stack,periph,1.0
amazon,all,863,93,bfs,graph-search,core,1.0
amazon,all,1011,94,binary-search,binary-search,periph,1.0
amazon,all,25,95,linked-list,linked-list,periph,1.0
amazon,all,199,96,bfs,graph-search,core,1.0
amazon,all,206,97,linked-list,linked-list,periph,1.0
amazon,all,460,98,design,design,periph,1.0
amazon,all,6,99,string-other,string,periph,1.0
amazon,all,50,100,math-bit,math-bit,periph,1.0
amazon,all,27,101,two-pointers,two-pointers,periph,1.0
amazon,all,73,102,matrix-sim,matrix-sim,periph,1.0
amazon,all,134,103,greedy,greedy,periph,1.0
amazon,all,217,104,hashing,hashing,periph,1.0
amazon,all,268,105,math-bit,math-bit,periph,1.0
amazon,all,503,106,monotonic-stack,stack,periph,1.0
amazon,all,39,107,backtracking,backtracking,core,1.0
amazon,all,135,108,greedy,greedy,periph,1.0
amazon,all,387,109,hashing,hashing,periph,1.0
amazon,all,28,110,string-matching,string,periph,1.0
amazon,all,102,111,bfs,graph-search,core,1.0
amazon,all,212,112,trie,tree,periph,1.0
amazon,all,287,113,fast-slow,two-pointers,periph,1.0
amazon,all,472,114,trie,tree,periph,1.0
amazon,all,46,115,backtracking,backtracking,core,1.0
amazon,all,733,116,dfs-flood,graph-search,periph,1.0
amazon,all,12,117,string-other,string,periph,1.0
amazon,all,143,118,linked-list,linked-list,periph,1.0
amazon,all,443,119,two-pointers,two-pointers,periph,1.0
amazon,all,8,120,string-other,string,periph,1.0
amazon,all,98,121,bst,tree,periph,1.0
amazon,all,273,122,string-other,string,periph,1.0
amazon,all,300,123,dp-linear,dp,core,1.0
amazon,all,496,124,monotonic-stack,stack,periph,1.0
amazon,all,140,125,backtracking,backtracking,core,1.0
amazon,all,224,126,pairing-stack,stack,periph,1.0
amazon,all,152,127,dp-linear,dp,core,1.0
amazon,all,167,128,two-pointers,two-pointers,periph,1.0
amazon,all,543,129,tree-aggregate,tree,core,1.0
amazon,all,876,130,fast-slow,two-pointers,periph,1.0
amazon,all,141,131,fast-slow,two-pointers,periph,1.0
amazon,all,151,132,string-other,string,periph,1.0
amazon,all,66,133,math-bit,math-bit,periph,1.0
amazon,all,125,134,two-pointers,two-pointers,periph,1.0
amazon,all,227,135,pairing-stack,stack,periph,1.0
amazon,all,547,136,union-find,graph-search,periph,1.0
amazon,all,19,137,fast-slow,two-pointers,periph,1.0
amazon,all,179,138,greedy,greedy,periph,1.0
amazon,all,328,139,linked-list,linked-list,periph,1.0
amazon,all,202,140,hashing,hashing,periph,1.0
amazon,all,416,141,dp-knapsack,dp,core,1.0
amazon,all,907,142,monotonic-stack,stack,periph,1.0
amazon,all,1235,143,dp-interval,dp,core,1.0
amazon,all,72,144,dp-grid,dp,core,1.0
amazon,all,349,145,hashing,hashing,periph,1.0
amazon,all,399,146,union-find,graph-search,periph,1.0
amazon,all,410,147,binary-search,binary-search,periph,1.0
amazon,all,131,148,backtracking,backtracking,core,1.0
amazon,all,852,149,binary-search,binary-search,periph,1.0
amazon,all,973,150,heap-topk,heap-select,periph,1.0
amazon,all,2055,151,prefix-sum,prefix-sum,periph,1.0
amazon,all,16,152,two-pointers,two-pointers,periph,1.0
amazon,all,32,153,pairing-stack,stack,periph,1.0
amazon,all,61,154,linked-list,linked-list,periph,1.0
amazon,all,509,155,dp-linear,dp,core,1.0
amazon,all,110,156,tree-aggregate,tree,core,1.0
amazon,all,150,157,pairing-stack,stack,periph,1.0
amazon,all,219,158,hashing,hashing,periph,1.0
amazon,all,240,159,binary-search,binary-search,periph,1.0
amazon,all,3434,160,sliding-window,sliding-window,periph,1.0
amazon,all,37,161,backtracking,backtracking,core,1.0
amazon,all,394,162,pairing-stack,stack,periph,1.0
amazon,all,981,163,design,design,periph,1.0
amazon,all,1268,164,trie,tree,periph,1.0
amazon,all,209,165,sliding-window,sliding-window,periph,1.0
amazon,all,485,166,sliding-window,sliding-window,periph,1.0
amazon,all,1752,167,two-pointers,two-pointers,periph,1.0
amazon,all,101,168,tree-traversal,tree,core,1.0
amazon,all,987,169,bfs,graph-search,core,1.0
amazon,all,2357,170,greedy,greedy,periph,1.0
amazon,all,67,171,math-bit,math-bit,periph,1.0
amazon,all,80,172,two-pointers,two-pointers,periph,1.0
amazon,all,175,173,sql,sql,trivial,1.0
amazon,all,205,174,hashing,hashing,periph,1.0
amazon,all,796,175,string-other,string,periph,1.0
amazon,all,104,176,tree-aggregate,tree,core,1.0
amazon,all,105,177,tree-construct,tree,periph,1.0
amazon,all,126,178,bfs,graph-search,core,1.0
amazon,all,153,179,binary-search,binary-search,periph,1.0
amazon,all,160,180,linked-list,linked-list,periph,1.0
amazon,all,204,181,number-theory,math-bit,periph,1.0
amazon,all,412,182,trivial,trivial,trivial,1.0
amazon,all,438,183,sliding-window,sliding-window,periph,1.0
amazon,all,992,184,sliding-window,sliding-window,periph,1.0
amazon,all,100,185,tree-traversal,tree,core,1.0
amazon,all,176,186,sql,sql,trivial,1.0
amazon,all,1148,187,sql,sql,trivial,1.0
amazon,all,90,188,backtracking,backtracking,core,1.0
amazon,all,235,189,bst,tree,periph,1.0
amazon,all,567,190,sliding-window,sliding-window,periph,1.0
amazon,all,658,191,binary-search,binary-search,periph,1.0
amazon,all,662,192,bfs,graph-search,core,1.0
amazon,all,1492,193,math-bit,math-bit,periph,1.0
amazon,all,1650,194,tree-traversal,tree,core,1.0
amazon,all,1929,195,trivial,trivial,trivial,1.0
amazon,all,2214,196,dp-linear,dp,core,1.0
amazon,all,64,197,dp-grid,dp,core,1.0
amazon,all,92,198,linked-list,linked-list,periph,1.0
amazon,all,116,199,tree-traversal,tree,core,1.0
amazon,all,181,200,sql,sql,trivial,1.0
bloomberg,six-months,1,1,hashing,hashing,periph,1.0
bloomberg,six-months,56,2,merge-intervals,intervals,periph,1.0
bloomberg,six-months,20,3,pairing-stack,stack,periph,1.0
bloomberg,six-months,380,4,design,design,periph,1.0
bloomberg,six-months,2,5,linked-list,linked-list,periph,1.0
bloomberg,six-months,5,6,string-other,string,periph,1.0
bloomberg,six-months,200,7,dfs-flood,graph-search,periph,1.0
bloomberg,six-months,3,8,sliding-window,sliding-window,periph,1.0
bloomberg,six-months,79,9,backtracking,backtracking,core,1.0
bloomberg,six-months,121,10,dp-linear,dp,core,1.0
bloomberg,six-months,430,11,linked-list,linked-list,periph,1.0
bloomberg,six-months,1396,12,design,design,periph,1.0
bloomberg,six-months,394,13,pairing-stack,stack,periph,1.0
bloomberg,six-months,42,14,monotonic-stack,stack,periph,1.0
bloomberg,six-months,253,15,diff-array,intervals,periph,1.0
bloomberg,six-months,11,16,two-pointers,two-pointers,periph,1.0
bloomberg,six-months,1169,17,hashing,hashing,periph,1.0
bloomberg,six-months,4,18,binary-search,binary-search,periph,1.0
bloomberg,six-months,13,19,string-other,string,periph,1.0
bloomberg,six-months,49,20,hashing,hashing,periph,1.0
bloomberg,six-months,15,21,two-pointers,two-pointers,periph,1.0
bloomberg,six-months,21,22,linked-list,linked-list,periph,1.0
bloomberg,six-months,88,23,two-pointers,two-pointers,periph,1.0
bloomberg,six-months,140,24,backtracking,backtracking,core,1.0
bloomberg,six-months,242,25,hashing,hashing,periph,1.0
bloomberg,six-months,399,26,union-find,graph-search,periph,1.0
bloomberg,six-months,283,27,two-pointers,two-pointers,periph,1.0
bloomberg,six-months,9,28,math-bit,math-bit,periph,1.0
bloomberg,six-months,14,29,string-other,string,periph,1.0
bloomberg,six-months,27,30,two-pointers,two-pointers,periph,1.0
bloomberg,six-months,33,31,binary-search,binary-search,periph,1.0
bloomberg,six-months,70,32,dp-linear,dp,core,1.0
bloomberg,six-months,128,33,hashing,hashing,periph,1.0
bloomberg,six-months,175,34,sql,sql,trivial,1.0
bloomberg,six-months,322,35,dp-knapsack,dp,core,1.0
bloomberg,six-months,424,36,sliding-window,sliding-window,periph,1.0
bloomberg,six-months,1274,37,matrix-sim,matrix-sim,periph,1.0
bloomberg,six-months,22,38,backtracking,backtracking,core,1.0
bloomberg,six-months,61,39,linked-list,linked-list,periph,1.0
bloomberg,six-months,125,40,two-pointers,two-pointers,periph,1.0
bloomberg,six-months,139,41,dp-linear,dp,core,1.0
bloomberg,six-months,875,42,binary-search,binary-search,periph,1.0
bloomberg,six-months,26,43,two-pointers,two-pointers,periph,1.0
bloomberg,six-months,31,44,two-pointers,two-pointers,periph,1.0
bloomberg,six-months,48,45,matrix-sim,matrix-sim,periph,1.0
bloomberg,six-months,69,46,binary-search,binary-search,periph,1.0
bloomberg,six-months,75,47,dutch-flag,two-pointers,periph,1.0
bloomberg,six-months,155,48,design,design,periph,1.0
bloomberg,six-months,560,49,prefix-sum,prefix-sum,periph,1.0
bloomberg,six-months,994,50,bfs,graph-search,core,1.0
bloomberg,six-months,1209,51,pairing-stack,stack,periph,1.0
bloomberg,six-months,1387,52,math-bit,math-bit,periph,1.0
bloomberg,six-months,53,53,dp-linear,dp,core,1.0
bloomberg,six-months,66,54,math-bit,math-bit,periph,1.0
bloomberg,six-months,136,55,math-bit,math-bit,periph,1.0
bloomberg,six-months,146,56,design,design,periph,1.0
bloomberg,six-months,169,57,hashing,hashing,periph,1.0
bloomberg,six-months,238,58,prefix-sum,prefix-sum,periph,1.0
bloomberg,six-months,387,59,hashing,hashing,periph,1.0
bloomberg,six-months,445,60,linked-list,linked-list,periph,1.0
bloomberg,six-months,7,61,math-bit,math-bit,periph,1.0
bloomberg,six-months,18,62,two-pointers,two-pointers,periph,1.0
bloomberg,six-months,152,63,dp-linear,dp,core,1.0
bloomberg,six-months,197,64,sql,sql,trivial,1.0
bloomberg,six-months,496,65,monotonic-stack,stack,periph,1.0
bloomberg,six-months,1249,66,pairing-stack,stack,periph,1.0
bloomberg,six-months,1656,67,design,design,periph,1.0
bloomberg,six-months,50,68,math-bit,math-bit,periph,1.0
bloomberg,six-months,101,69,tree-traversal,tree,core,1.0
bloomberg,six-months,127,70,bfs,graph-search,core,1.0
bloomberg,six-months,219,71,hashing,hashing,periph,1.0
bloomberg,six-months,234,72,fast-slow,two-pointers,periph,1.0
bloomberg,six-months,347,73,heap-topk,heap-select,periph,1.0
bloomberg,six-months,485,74,sliding-window,sliding-window,periph,1.0
bloomberg,six-months,547,75,union-find,graph-search,periph,1.0
bloomberg,six-months,933,76,design,design,periph,1.0
bloomberg,six-months,8,77,string-other,string,periph,1.0
bloomberg,six-months,23,78,heap-topk,heap-select,periph,1.0
bloomberg,six-months,28,79,string-matching,string,periph,1.0
bloomberg,six-months,32,80,pairing-stack,stack,periph,1.0
bloomberg,six-months,55,81,greedy,greedy,periph,1.0
bloomberg,six-months,98,82,bst,tree,periph,1.0
bloomberg,six-months,198,83,dp-linear,dp,core,1.0
bloomberg,six-months,239,84,monotonic-stack,stack,periph,1.0
bloomberg,six-months,344,85,two-pointers,two-pointers,periph,1.0
bloomberg,six-months,525,86,prefix-sum,prefix-sum,periph,1.0
bloomberg,six-months,611,87,two-pointers,two-pointers,periph,1.0
bloomberg,six-months,797,88,graph-other,graph-search,periph,1.0
bloomberg,six-months,1752,89,two-pointers,two-pointers,periph,1.0
bloomberg,six-months,6,90,string-other,string,periph,1.0
bloomberg,six-months,35,91,binary-search,binary-search,periph,1.0
bloomberg,six-months,36,92,hashing,hashing,periph,1.0
bloomberg,six-months,40,93,backtracking,backtracking,core,1.0
bloomberg,six-months,54,94,matrix-sim,matrix-sim,periph,1.0
bloomberg,six-months,67,95,math-bit,math-bit,periph,1.0
bloomberg,six-months,74,96,binary-search,binary-search,periph,1.0
bloomberg,six-months,85,97,monotonic-stack,stack,periph,1.0
bloomberg,six-months,134,98,greedy,greedy,periph,1.0
bloomberg,six-months,138,99,linked-list,linked-list,periph,1.0
bloomberg,six-months,143,100,linked-list,linked-list,periph,1.0
bloomberg,six-months,150,101,pairing-stack,stack,periph,1.0
bloomberg,six-months,162,102,binary-search,binary-search,periph,1.0
bloomberg,six-months,167,103,two-pointers,two-pointers,periph,1.0
bloomberg,six-months,189,104,two-pointers,two-pointers,periph,1.0
bloomberg,six-months,217,105,hashing,hashing,periph,1.0
bloomberg,six-months,236,106,tree-aggregate,tree,core,1.0
bloomberg,six-months,268,107,math-bit,math-bit,periph,1.0
bloomberg,six-months,435,108,greedy,greedy,periph,1.0
bloomberg,six-months,643,109,sliding-window,sliding-window,periph,1.0
bloomberg,six-months,704,110,binary-search,binary-search,periph,1.0
bloomberg,six-months,739,111,monotonic-stack,stack,periph,1.0
bloomberg,six-months,904,112,sliding-window,sliding-window,periph,1.0
bloomberg,six-months,1029,113,greedy,greedy,periph,1.0
bloomberg,six-months,1244,114,design,design,periph,1.0
bloomberg,six-months,1480,115,prefix-sum,prefix-sum,periph,1.0
bloomberg,six-months,1583,116,hashing,hashing,periph,1.0
bloomberg,six-months,1757,117,sql,sql,trivial,1.0
bloomberg,six-months,2423,118,hashing,hashing,periph,1.0
bloomberg,six-months,2667,119,trivial,trivial,trivial,1.0
bloomberg,six-months,2833,120,trivial,trivial,trivial,1.0
bloomberg,six-months,16,121,two-pointers,two-pointers,periph,1.0
bloomberg,six-months,17,122,backtracking,backtracking,core,1.0
bloomberg,six-months,25,123,linked-list,linked-list,periph,1.0
bloomberg,six-months,34,124,binary-search,binary-search,periph,1.0
bloomberg,six-months,37,125,backtracking,backtracking,core,1.0
bloomberg,six-months,45,126,greedy,greedy,periph,1.0
bloomberg,six-months,51,127,backtracking,backtracking,core,1.0
bloomberg,six-months,58,128,string-other,string,periph,1.0
bloomberg,six-months,63,129,dp-grid,dp,core,1.0
bloomberg,six-months,73,130,matrix-sim,matrix-sim,periph,1.0
bloomberg,six-months,77,131,backtracking,backtracking,core,1.0
bloomberg,six-months,78,132,backtracking,backtracking,core,1.0
bloomberg,six-months,100,133,tree-traversal,tree,core,1.0
bloomberg,six-months,105,134,tree-construct,tree,periph,1.0
bloomberg,six-months,110,135,tree-aggregate,tree,core,1.0
bloomberg,six-months,118,136,dp-linear,dp,core,1.0
bloomberg,six-months,130,137,dfs-flood,graph-search,periph,1.0
bloomberg,six-months,148,138,linked-list,linked-list,periph,1.0
bloomberg,six-months,182,139,sql,sql,trivial,1.0
bloomberg,six-months,300,140,dp-linear,dp,core,1.0
bloomberg,six-months,368,141,dp-linear,dp,core,1.0
bloomberg,six-months,410,142,binary-search,binary-search,periph,1.0
bloomberg,six-months,412,143,trivial,trivial,trivial,1.0
bloomberg,six-months,523,144,prefix-sum,prefix-sum,periph,1.0
bloomberg,six-months,540,145,binary-search,binary-search,periph,1.0
bloomberg,six-months,543,146,tree-aggregate,tree,core,1.0
bloomberg,six-months,595,147,sql,sql,trivial,1.0
bloomberg,six-months,673,148,dp-linear,dp,core,1.0
bloomberg,six-months,696,149,string-other,string,periph,1.0
bloomberg,six-months,735,150,pairing-stack,stack,periph,1.0
bloomberg,six-months,987,151,bfs,graph-search,core,1.0
bloomberg,six-months,1011,152,binary-search,binary-search,periph,1.0
bloomberg,six-months,1022,153,tree-aggregate,tree,core,1.0
bloomberg,six-months,1148,154,sql,sql,trivial,1.0
bloomberg,six-months,1871,155,dp-linear,dp,core,1.0
bloomberg,six-months,1929,156,trivial,trivial,trivial,1.0
bloomberg,six-months,12,157,string-other,string,periph,1.0
bloomberg,six-months,29,158,math-bit,math-bit,periph,1.0
bloomberg,six-months,38,159,string-other,string,periph,1.0
bloomberg,six-months,46,160,backtracking,backtracking,core,1.0
bloomberg,six-months,80,161,two-pointers,two-pointers,periph,1.0
bloomberg,six-months,83,162,linked-list,linked-list,periph,1.0
bloomberg,six-months,84,163,monotonic-stack,stack,periph,1.0
bloomberg,six-months,102,164,bfs,graph-search,core,1.0
bloomberg,six-months,111,165,tree-aggregate,tree,core,1.0
bloomberg,six-months,114,166,tree-traversal,tree,core,1.0
bloomberg,six-months,115,167,dp-grid,dp,core,1.0
bloomberg,six-months,116,168,tree-traversal,tree,core,1.0
bloomberg,six-months,120,169,dp-grid,dp,core,1.0
bloomberg,six-months,124,170,dp-tree,dp,core,1.0
bloomberg,six-months,131,171,backtracking,backtracking,core,1.0
bloomberg,six-months,135,172,greedy,greedy,periph,1.0
bloomberg,six-months,141,173,fast-slow,two-pointers,periph,1.0
bloomberg,six-months,142,174,fast-slow,two-pointers,periph,1.0
bloomberg,six-months,151,175,string-other,string,periph,1.0
bloomberg,six-months,153,176,binary-search,binary-search,periph,1.0
bloomberg,six-months,176,177,sql,sql,trivial,1.0
bloomberg,six-months,181,178,sql,sql,trivial,1.0
bloomberg,six-months,202,179,hashing,hashing,periph,1.0
bloomberg,six-months,206,180,linked-list,linked-list,periph,1.0
bloomberg,six-months,209,181,sliding-window,sliding-window,periph,1.0
bloomberg,six-months,210,182,topo-sort,graph-search,core,1.0
bloomberg,six-months,213,183,dp-linear,dp,core,1.0
bloomberg,six-months,227,184,pairing-stack,stack,periph,1.0
bloomberg,six-months,228,185,two-pointers,two-pointers,periph,1.0
bloomberg,six-months,231,186,math-bit,math-bit,periph,1.0
bloomberg,six-months,233,187,dp-digit,dp,core,1.0
bloomberg,six-months,237,188,linked-list,linked-list,periph,1.0
bloomberg,six-months,278,189,binary-search,binary-search,periph,1.0
bloomberg,six-months,314,190,bfs,graph-search,core,1.0
bloomberg,six-months,326,191,math-bit,math-bit,periph,1.0
bloomberg,six-months,345,192,two-pointers,two-pointers,periph,1.0
bloomberg,six-months,390,193,math-bit,math-bit,periph,1.0
bloomberg,six-months,416,194,dp-knapsack,dp,core,1.0
bloomberg,six-months,450,195,bst,tree,periph,1.0
bloomberg,six-months,493,196,binary-search,binary-search,periph,1.0
bloomberg,six-months,503,197,monotonic-stack,stack,periph,1.0
bloomberg,six-months,509,198,dp-linear,dp,core,1.0
bloomberg,six-months,567,199,sliding-window,sliding-window,periph,1.0
bloomberg,six-months,645,200,hashing,hashing,periph,1.0
bloomberg,thirty-days,5,1,string-other,string,periph,1.0
bloomberg,thirty-days,42,2,monotonic-stack,stack,periph,1.0
bloomberg,thirty-days,125,3,two-pointers,two-pointers,periph,1.0
bloomberg,thirty-days,394,4,pairing-stack,stack,periph,1.0
bloomberg,thirty-days,1752,5,two-pointers,two-pointers,periph,1.0
bloomberg,thirty-days,1,6,hashing,hashing,periph,1.0
bloomberg,thirty-days,2,7,linked-list,linked-list,periph,1.0
bloomberg,thirty-days,3,8,sliding-window,sliding-window,periph,1.0
bloomberg,thirty-days,11,9,two-pointers,two-pointers,periph,1.0
bloomberg,thirty-days,14,10,string-other,string,periph,1.0
bloomberg,thirty-days,20,11,pairing-stack,stack,periph,1.0
bloomberg,thirty-days,31,12,two-pointers,two-pointers,periph,1.0
bloomberg,thirty-days,49,13,hashing,hashing,periph,1.0
bloomberg,thirty-days,33,14,binary-search,binary-search,periph,1.0
bloomberg,thirty-days,70,15,dp-linear,dp,core,1.0
bloomberg,thirty-days,83,16,linked-list,linked-list,periph,1.0
bloomberg,thirty-days,121,17,dp-linear,dp,core,1.0
bloomberg,thirty-days,169,18,hashing,hashing,periph,1.0
bloomberg,thirty-days,200,19,dfs-flood,graph-search,periph,1.0
bloomberg,thirty-days,239,20,monotonic-stack,stack,periph,1.0
bloomberg,thirty-days,322,21,dp-knapsack,dp,core,1.0
bloomberg,thirty-days,380,22,design,design,periph,1.0
bloomberg,thirty-days,525,23,prefix-sum,prefix-sum,periph,1.0
bloomberg,thirty-days,645,24,hashing,hashing,periph,1.0
bloomberg,thirty-days,933,25,design,design,periph,1.0
bloomberg,thirty-days,994,26,bfs,graph-search,core,1.0
bloomberg,thirty-days,1235,27,dp-interval,dp,core,1.0
bloomberg,thirty-days,1502,28,trivial,trivial,trivial,1.0
bloomberg,thirty-days,1929,29,trivial,trivial,trivial,1.0
google,three-months,1,1,hashing,hashing,periph,1.0
google,three-months,2,2,linked-list,linked-list,periph,1.0
google,three-months,9,3,math-bit,math-bit,periph,1.0
google,three-months,3,4,sliding-window,sliding-window,periph,1.0
google,three-months,14,5,string-other,string,periph,1.0
google,three-months,15,6,two-pointers,two-pointers,periph,1.0
google,three-months,121,7,dp-linear,dp,core,1.0
google,three-months,1929,8,trivial,trivial,trivial,1.0
google,three-months,4,9,binary-search,binary-search,periph,1.0
google,three-months,88,10,two-pointers,two-pointers,periph,1.0
google,three-months,175,11,sql,sql,trivial,1.0
google,three-months,5,12,string-other,string,periph,1.0
google,three-months,56,13,merge-intervals,intervals,periph,1.0
google,three-months,13,14,string-other,string,periph,1.0
google,three-months,128,15,hashing,hashing,periph,1.0
google,three-months,347,16,heap-topk,heap-select,periph,1.0
google,three-months,2667,17,trivial,trivial,trivial,1.0
google,three-months,26,18,two-pointers,two-pointers,periph,1.0
google,three-months,560,19,prefix-sum,prefix-sum,periph,1.0
google,three-months,11,20,two-pointers,two-pointers,periph,1.0
google,three-months,20,21,pairing-stack,stack,periph,1.0
google,three-months,42,22,monotonic-stack,stack,periph,1.0
google,three-months,200,23,dfs-flood,graph-search,periph,1.0
google,three-months,53,24,dp-linear,dp,core,1.0
google,three-months,33,25,binary-search,binary-search,periph,1.0
google,three-months,169,26,hashing,hashing,periph,1.0
google,three-months,242,27,hashing,hashing,periph,1.0
google,three-months,21,28,linked-list,linked-list,periph,1.0
google,three-months,54,29,matrix-sim,matrix-sim,periph,1.0
google,three-months,146,30,design,design,periph,1.0
google,three-months,206,31,linked-list,linked-list,periph,1.0
google,three-months,253,32,diff-array,intervals,periph,1.0
google,three-months,349,33,hashing,hashing,periph,1.0
google,three-months,875,34,binary-search,binary-search,periph,1.0
google,three-months,7,35,math-bit,math-bit,periph,1.0
google,three-months,17,36,backtracking,backtracking,core,1.0
google,three-months,49,37,hashing,hashing,periph,1.0
google,three-months,75,38,dutch-flag,two-pointers,periph,1.0
google,three-months,300,39,dp-linear,dp,core,1.0
google,three-months,1757,40,sql,sql,trivial,1.0
google,three-months,1768,41,string-other,string,periph,1.0
google,three-months,55,42,greedy,greedy,periph,1.0
google,three-months,217,43,hashing,hashing,periph,1.0
google,three-months,238,44,prefix-sum,prefix-sum,periph,1.0
google,three-months,28,45,string-matching,string,periph,1.0
google,three-months,100,46,tree-traversal,tree,core,1.0
google,three-months,125,47,two-pointers,two-pointers,periph,1.0
google,three-months,202,48,hashing,hashing,periph,1.0
google,three-months,204,49,number-theory,math-bit,periph,1.0
google,three-months,207,50,topo-sort,graph-search,core,1.0
google,three-months,215,51,heap-topk,heap-select,periph,1.0
google,three-months,231,52,math-bit,math-bit,periph,1.0
google,three-months,344,53,two-pointers,two-pointers,periph,1.0
google,three-months,354,54,binary-search,binary-search,periph,1.0
google,three-months,503,55,monotonic-stack,stack,periph,1.0
google,three-months,876,56,fast-slow,two-pointers,periph,1.0
google,three-months,1502,57,trivial,trivial,trivial,1.0
google,three-months,18,58,two-pointers,two-pointers,periph,1.0
google,three-months,22,59,backtracking,backtracking,core,1.0
google,three-months,27,60,two-pointers,two-pointers,periph,1.0
google,three-months,31,61,two-pointers,two-pointers,periph,1.0
google,three-months,34,62,binary-search,binary-search,periph,1.0
google,three-months,46,63,backtracking,backtracking,core,1.0
google,three-months,48,64,matrix-sim,matrix-sim,periph,1.0
google,three-months,67,65,math-bit,math-bit,periph,1.0
google,three-months,118,66,dp-linear,dp,core,1.0
google,three-months,152,67,dp-linear,dp,core,1.0
google,three-months,155,68,design,design,periph,1.0
google,three-months,198,69,dp-linear,dp,core,1.0
google,three-months,283,70,two-pointers,two-pointers,periph,1.0
google,three-months,322,71,dp-knapsack,dp,core,1.0
google,three-months,345,72,two-pointers,two-pointers,periph,1.0
google,three-months,394,73,pairing-stack,stack,periph,1.0
google,three-months,424,74,sliding-window,sliding-window,periph,1.0
google,three-months,485,75,sliding-window,sliding-window,periph,1.0
google,three-months,704,76,binary-search,binary-search,periph,1.0
google,three-months,739,77,monotonic-stack,stack,periph,1.0
google,three-months,777,78,two-pointers,two-pointers,periph,1.0
google,three-months,994,79,bfs,graph-search,core,1.0
google,three-months,1004,80,sliding-window,sliding-window,periph,1.0
google,three-months,2235,81,trivial,trivial,trivial,1.0
google,three-months,6,82,string-other,string,periph,1.0
google,three-months,25,83,linked-list,linked-list,periph,1.0
google,three-months,29,84,math-bit,math-bit,periph,1.0
google,three-months,35,85,binary-search,binary-search,periph,1.0
google,three-months,39,86,backtracking,backtracking,core,1.0
google,three-months,51,87,backtracking,backtracking,core,1.0
google,three-months,74,88,binary-search,binary-search,periph,1.0
google,three-months,151,89,string-other,string,periph,1.0
google,three-months,189,90,two-pointers,two-pointers,periph,1.0
google,three-months,240,91,binary-search,binary-search,periph,1.0
google,three-months,295,92,heap-topk,heap-select,periph,1.0
google,three-months,359,93,design,design,periph,1.0
google,three-months,496,94,monotonic-stack,stack,periph,1.0
google,three-months,509,95,dp-linear,dp,core,1.0
google,three-months,645,96,hashing,hashing,periph,1.0
google,three-months,1148,97,sql,sql,trivial,1.0
google,three-months,1944,98,monotonic-stack,stack,periph,1.0
google,three-months,2657,99,prefix-sum,prefix-sum,periph,1.0
google,three-months,3225,100,dp-grid,dp,core,1.0
google,three-months,8,101,string-other,string,periph,1.0
google,three-months,10,102,dp-grid,dp,core,1.0
google,three-months,12,103,string-other,string,periph,1.0
google,three-months,58,104,string-other,string,periph,1.0
google,three-months,61,105,linked-list,linked-list,periph,1.0
google,three-months,62,106,dp-grid,dp,core,1.0
google,three-months,68,107,string-other,string,periph,1.0
google,three-months,69,108,binary-search,binary-search,periph,1.0
google,three-months,70,109,dp-linear,dp,core,1.0
google,three-months,83,110,linked-list,linked-list,periph,1.0
google,three-months,130,111,dfs-flood,graph-search,periph,1.0
google,three-months,162,112,binary-search,binary-search,periph,1.0
google,three-months,168,113,math-bit,math-bit,periph,1.0
google,three-months,239,114,monotonic-stack,stack,periph,1.0
google,three-months,329,115,dp-grid,dp,core,1.0
google,three-months,383,116,hashing,hashing,periph,1.0
google,three-months,410,117,binary-search,binary-search,periph,1.0
google,three-months,416,118,dp-knapsack,dp,core,1.0
google,three-months,540,119,binary-search,binary-search,periph,1.0
google,three-months,595,120,sql,sql,trivial,1.0
google,three-months,621,121,greedy,greedy,periph,1.0
google,three-months,643,122,sliding-window,sliding-window,periph,1.0
google,three-months,815,123,bfs,graph-search,core,1.0
google,three-months,912,124,heap-topk,heap-select,periph,1.0
google,three-months,977,125,two-pointers,two-pointers,periph,1.0
google,three-months,1011,126,binary-search,binary-search,periph,1.0
google,three-months,1470,127,trivial,trivial,trivial,1.0
google,three-months,1480,128,prefix-sum,prefix-sum,periph,1.0
google,three-months,1722,129,union-find,graph-search,periph,1.0
google,three-months,3481,130,string-other,string,periph,1.0
google,three-months,3742,131,dp-grid,dp,core,1.0
google,three-months,32,132,pairing-stack,stack,periph,1.0
google,three-months,41,133,hashing,hashing,periph,1.0
google,three-months,66,134,math-bit,math-bit,periph,1.0
google,three-months,72,135,dp-grid,dp,core,1.0
google,three-months,73,136,matrix-sim,matrix-sim,periph,1.0
google,three-months,78,137,backtracking,backtracking,core,1.0
google,three-months,80,138,two-pointers,two-pointers,periph,1.0
google,three-months,85,139,monotonic-stack,stack,periph,1.0
google,three-months,102,140,bfs,graph-search,core,1.0
google,three-months,103,141,bfs,graph-search,core,1.0
google,three-months,109,142,tree-construct,tree,periph,1.0
google,three-months,138,143,linked-list,linked-list,periph,1.0
google,three-months,139,144,dp-linear,dp,core,1.0
google,three-months,141,145,fast-slow,two-pointers,periph,1.0
google,three-months,167,146,two-pointers,two-pointers,periph,1.0
google,three-months,179,147,greedy,greedy,periph,1.0
google,three-months,197,148,sql,sql,trivial,1.0
google,three-months,224,149,pairing-stack,stack,periph,1.0
google,three-months,226,150,tree-traversal,tree,core,1.0
google,three-months,232,151,design,design,periph,1.0
google,three-months,258,152,math-bit,math-bit,periph,1.0
google,three-months,287,153,fast-slow,two-pointers,periph,1.0
google,three-months,328,154,linked-list,linked-list,periph,1.0
google,three-months,448,155,hashing,hashing,periph,1.0
google,three-months,494,156,dp-knapsack,dp,core,1.0
google,three-months,518,157,dp-knapsack,dp,core,1.0
google,three-months,642,158,trie,tree,periph,1.0
google,three-months,662,159,bfs,graph-search,core,1.0
google,three-months,735,160,pairing-stack,stack,periph,1.0
google,three-months,746,161,dp-linear,dp,core,1.0
google,three-months,787,162,bellman-ford,graph-search,core,1.0
google,three-months,796,163,string-other,string,periph,1.0
google,three-months,834,164,dp-tree,dp,core,1.0
google,three-months,907,165,monotonic-stack,stack,periph,1.0
google,three-months,1094,166,diff-array,intervals,periph,1.0
google,three-months,1101,167,union-find,graph-search,periph,1.0
google,three-months,1539,168,binary-search,binary-search,periph,1.0
google,three-months,1581,169,sql,sql,trivial,1.0
google,three-months,1727,170,greedy,greedy,periph,1.0
google,three-months,1922,171,math-bit,math-bit,periph,1.0
google,three-months,2619,172,trivial,trivial,trivial,1.0
google,three-months,2965,173,hashing,hashing,periph,1.0
google,three-months,3043,174,trie,tree,periph,1.0
google,three-months,3121,175,string-other,string,periph,1.0
google,three-months,3161,176,binary-search,binary-search,periph,1.0
google,three-months,3474,177,greedy,greedy,periph,1.0
google,three-months,3660,178,dp-linear,dp,core,1.0
google,three-months,16,179,two-pointers,two-pointers,periph,1.0
google,three-months,19,180,fast-slow,two-pointers,periph,1.0
google,three-months,24,181,linked-list,linked-list,periph,1.0
google,three-months,30,182,sliding-window,sliding-window,periph,1.0
google,three-months,36,183,hashing,hashing,periph,1.0
google,three-months,43,184,string-other,string,periph,1.0
google,three-months,44,185,dp-grid,dp,core,1.0
google,three-months,45,186,greedy,greedy,periph,1.0
google,three-months,50,187,math-bit,math-bit,periph,1.0
google,three-months,57,188,merge-intervals,intervals,periph,1.0
google,three-months,79,189,backtracking,backtracking,core,1.0
google,three-months,84,190,monotonic-stack,stack,periph,1.0
google,three-months,90,191,backtracking,backtracking,core,1.0
google,three-months,99,192,bst,tree,periph,1.0
google,three-months,101,193,tree-traversal,tree,core,1.0
google,three-months,105,194,tree-construct,tree,periph,1.0
google,three-months,110,195,tree-aggregate,tree,core,1.0
google,three-months,126,196,bfs,graph-search,core,1.0
google,three-months,127,197,bfs,graph-search,core,1.0
google,three-months,131,198,backtracking,backtracking,core,1.0
google,three-months,136,199,math-bit,math-bit,periph,1.0
google,three-months,143,200,linked-list,linked-list,periph,1.0
apple,thirty-days,1,1,hashing,hashing,periph,1.0
apple,thirty-days,14,2,string-other,string,periph,1.0
apple,thirty-days,72,3,dp-grid,dp,core,1.0
apple,thirty-days,121,4,dp-linear,dp,core,1.0
apple,thirty-days,362,5,design,design,periph,1.0
apple,thirty-days,380,6,design,design,periph,1.0
apple,thirty-days,713,7,sliding-window,sliding-window,periph,1.0
apple,thirty-days,2150,8,hashing,hashing,periph,1.0
apple,thirty-days,2633,9,trivial,trivial,trivial,1.0
apple,thirty-days,146,10,design,design,periph,1.0
apple,thirty-days,477,11,math-bit,math-bit,periph,1.0
apple,thirty-days,560,12,prefix-sum,prefix-sum,periph,1.0
apple,thirty-days,56,13,merge-intervals,intervals,periph,1.0
apple,three-months,146,1,design,design,periph,1.0
apple,three-months,56,2,merge-intervals,intervals,periph,1.0
apple,three-months,210,3,topo-sort,graph-search,core,1.0
apple,three-months,362,4,design,design,periph,1.0
apple,three-months,380,5,design,design,periph,1.0
apple,three-months,14,6,string-other,string,periph,1.0
apple,three-months,34,7,binary-search,binary-search,periph,1.0
apple,three-months,54,8,matrix-sim,matrix-sim,periph,1.0
apple,three-months,72,9,dp-grid,dp,core,1.0
apple,three-months,121,10,dp-linear,dp,core,1.0
apple,three-months,428,11,tree-construct,tree,periph,1.0
apple,three-months,713,12,sliding-window,sliding-window,periph,1.0
apple,three-months,1,13,hashing,hashing,periph,1.0
apple,three-months,15,14,two-pointers,two-pointers,periph,1.0
apple,three-months,23,15,heap-topk,heap-select,periph,1.0
apple,three-months,48,16,matrix-sim,matrix-sim,periph,1.0
apple,three-months,49,17,hashing,hashing,periph,1.0
apple,three-months,125,18,two-pointers,two-pointers,periph,1.0
apple,three-months,200,19,dfs-flood,graph-search,periph,1.0
apple,three-months,206,20,linked-list,linked-list,periph,1.0
apple,three-months,477,21,math-bit,math-bit,periph,1.0
apple,three-months,560,22,prefix-sum,prefix-sum,periph,1.0
apple,three-months,3,23,sliding-window,sliding-window,periph,1.0
apple,three-months,17,24,backtracking,backtracking,core,1.0
apple,three-months,122,25,greedy,greedy,periph,1.0
apple,three-months,207,26,topo-sort,graph-search,core,1.0
apple,three-months,227,27,pairing-stack,stack,periph,1.0
apple,three-months,314,28,bfs,graph-search,core,1.0
apple,three-months,567,29,sliding-window,sliding-window,periph,1.0
apple,three-months,621,30,greedy,greedy,periph,1.0
apple,three-months,863,31,bfs,graph-search,core,1.0
apple,three-months,889,32,tree-construct,tree,periph,1.0
apple,three-months,2150,33,hashing,hashing,periph,1.0
apple,three-months,2633,34,trivial,trivial,trivial,1.0
uber,six-months,2791,1,dp-tree,dp,core,1.0
uber,six-months,2858,2,graph-other,graph-search,periph,1.0
uber,six-months,305,3,union-find,graph-search,periph,1.0
uber,six-months,1438,4,sliding-window,sliding-window,periph,1.0
uber,six-months,1429,5,design,design,periph,1.0
uber,six-months,427,6,tree-construct,tree,periph,1.0
uber,six-months,269,7,topo-sort,graph-search,core,1.0
uber,six-months,815,8,bfs,graph-search,core,1.0
uber,six-months,1101,9,union-find,graph-search,periph,1.0
uber,six-months,977,10,two-pointers,two-pointers,periph,1.0
uber,six-months,1475,11,monotonic-stack,stack,periph,1.0
uber,six-months,79,12,backtracking,backtracking,core,1.0
uber,six-months,362,13,design,design,periph,1.0
uber,six-months,1428,14,binary-search,binary-search,periph,1.0
uber,six-months,162,15,binary-search,binary-search,periph,1.0
uber,six-months,230,16,bst,tree,periph,1.0
uber,six-months,410,17,binary-search,binary-search,periph,1.0
uber,six-months,2571,18,math-bit,math-bit,periph,1.0
uber,six-months,200,19,dfs-flood,graph-search,periph,1.0
uber,six-months,212,20,trie,tree,periph,1.0
uber,six-months,399,21,union-find,graph-search,periph,1.0
uber,six-months,564,22,string-other,string,periph,1.0
uber,six-months,827,23,dfs-flood,graph-search,periph,1.0
uber,six-months,146,24,design,design,periph,1.0
uber,six-months,253,25,diff-array,intervals,periph,1.0
uber,six-months,380,26,design,design,periph,1.0
uber,six-months,855,27,design,design,periph,1.0
uber,six-months,864,28,bfs,graph-search,core,1.0
uber,six-months,981,29,design,design,periph,1.0
uber,six-months,2503,30,union-find,graph-search,periph,1.0
uber,six-months,56,31,merge-intervals,intervals,periph,1.0
uber,six-months,204,32,number-theory,math-bit,periph,1.0
uber,six-months,207,33,topo-sort,graph-search,core,1.0
uber,six-months,210,34,topo-sort,graph-search,core,1.0
uber,six-months,384,35,design,design,periph,1.0
uber,six-months,502,36,heap-topk,heap-select,periph,1.0
uber,six-months,994,37,bfs,graph-search,core,1.0
uber,six-months,1966,38,binary-search,binary-search,periph,1.0
uber,six-months,2861,39,binary-search,binary-search,periph,1.0
uber,six-months,2954,40,number-theory,math-bit,periph,1.0
uber,six-months,3629,41,bfs,graph-search,core,1.0
uber,six-months,5,42,string-other,string,periph,1.0
uber,six-months,13,43,string-other,string,periph,1.0
uber,six-months,33,44,binary-search,binary-search,periph,1.0
uber,six-months,121,45,dp-linear,dp,core,1.0
uber,six-months,127,46,bfs,graph-search,core,1.0
uber,six-months,128,47,hashing,hashing,periph,1.0
uber,six-months,174,48,dp-grid,dp,core,1.0
uber,six-months,227,49,pairing-stack,stack,periph,1.0
uber,six-months,295,50,heap-topk,heap-select,periph,1.0
uber,six-months,297,51,tree-construct,tree,periph,1.0
uber,six-months,545,52,tree-traversal,tree,core,1.0
uber,six-months,588,53,design,design,periph,1.0
uber,six-months,679,54,backtracking,backtracking,core,1.0
uber,six-months,692,55,heap-topk,heap-select,periph,1.0
uber,six-months,719,56,binary-search,binary-search,periph,1.0
uber,six-months,752,57,bfs,graph-search,core,1.0
uber,six-months,787,58,bellman-ford,graph-search,core,1.0
uber,six-months,802,59,topo-sort,graph-search,core,1.0
uber,six-months,934,60,bfs,graph-search,core,1.0
uber,six-months,987,61,bfs,graph-search,core,1.0
uber,six-months,1197,62,bfs,graph-search,core,1.0
uber,six-months,1244,63,design,design,periph,1.0
uber,six-months,1423,64,sliding-window,sliding-window,periph,1.0
uber,six-months,1915,65,hashing,hashing,periph,1.0
uber,six-months,1931,66,dp-bitmask,dp,core,1.0
uber,six-months,2092,67,union-find,graph-search,periph,1.0
uber,six-months,2389,68,binary-search,binary-search,periph,1.0
uber,six-months,2402,69,heap-topk,heap-select,periph,1.0
uber,six-months,2467,70,dp-tree,dp,core,1.0
uber,six-months,2477,71,dp-tree,dp,core,1.0
uber,six-months,2561,72,greedy,greedy,periph,1.0
uber,six-months,2948,73,union-find,graph-search,periph,1.0
uber,six-months,3356,74,diff-array,intervals,periph,1.0
uber,six-months,3419,75,dijkstra,graph-search,core,1.0
apple,six-months,146,1,design,design,periph,1.0
apple,six-months,362,2,design,design,periph,1.0
apple,six-months,56,3,merge-intervals,intervals,periph,1.0
apple,six-months,1,4,hashing,hashing,periph,1.0
apple,six-months,200,5,dfs-flood,graph-search,periph,1.0
apple,six-months,206,6,linked-list,linked-list,periph,1.0
apple,six-months,210,7,topo-sort,graph-search,core,1.0
apple,six-months,713,8,sliding-window,sliding-window,periph,1.0
apple,six-months,49,9,hashing,hashing,periph,1.0
apple,six-months,380,10,design,design,periph,1.0
apple,six-months,7,11,math-bit,math-bit,periph,1.0
apple,six-months,14,12,string-other,string,periph,1.0
apple,six-months,23,13,heap-topk,heap-select,periph,1.0
apple,six-months,34,14,binary-search,binary-search,periph,1.0
apple,six-months,53,15,dp-linear,dp,core,1.0
apple,six-months,227,16,pairing-stack,stack,periph,1.0
apple,six-months,347,17,heap-topk,heap-select,periph,1.0
apple,six-months,560,18,prefix-sum,prefix-sum,periph,1.0
apple,six-months,1146,19,design,design,periph,1.0
apple,six-months,15,20,two-pointers,two-pointers,periph,1.0
apple,six-months,54,21,matrix-sim,matrix-sim,periph,1.0
apple,six-months,121,22,dp-linear,dp,core,1.0
apple,six-months,122,23,greedy,greedy,periph,1.0
apple,six-months,125,24,two-pointers,two-pointers,periph,1.0
apple,six-months,207,25,topo-sort,graph-search,core,1.0
apple,six-months,252,26,merge-intervals,intervals,periph,1.0
apple,six-months,3,27,sliding-window,sliding-window,periph,1.0
apple,six-months,48,28,matrix-sim,matrix-sim,periph,1.0
apple,six-months,72,29,dp-grid,dp,core,1.0
apple,six-months,112,30,tree-aggregate,tree,core,1.0
apple,six-months,151,31,string-other,string,periph,1.0
apple,six-months,309,32,dp-linear,dp,core,1.0
apple,six-months,412,33,trivial,trivial,trivial,1.0
apple,six-months,428,34,tree-construct,tree,periph,1.0
apple,six-months,477,35,math-bit,math-bit,periph,1.0
apple,six-months,981,36,design,design,periph,1.0
apple,six-months,1087,37,backtracking,backtracking,core,1.0
apple,six-months,4,38,binary-search,binary-search,periph,1.0
apple,six-months,5,39,string-other,string,periph,1.0
apple,six-months,36,40,hashing,hashing,periph,1.0
apple,six-months,127,41,bfs,graph-search,core,1.0
apple,six-months,189,42,two-pointers,two-pointers,periph,1.0
apple,six-months,215,43,heap-topk,heap-select,periph,1.0
apple,six-months,238,44,prefix-sum,prefix-sum,periph,1.0
apple,six-months,253,45,diff-array,intervals,periph,1.0
apple,six-months,277,46,graph-other,graph-search,periph,1.0
apple,six-months,295,47,heap-topk,heap-select,periph,1.0
apple,six-months,328,48,linked-list,linked-list,periph,1.0
apple,six-months,341,49,design,design,periph,1.0
apple,six-months,621,50,greedy,greedy,periph,1.0
apple,six-months,622,51,design,design,periph,1.0
apple,six-months,2150,52,hashing,hashing,periph,1.0
apple,six-months,2435,53,dp-grid,dp,core,1.0
apple,six-months,2,54,linked-list,linked-list,periph,1.0
apple,six-months,10,55,dp-grid,dp,core,1.0
apple,six-months,11,56,two-pointers,two-pointers,periph,1.0
apple,six-months,17,57,backtracking,backtracking,core,1.0
apple,six-months,18,58,two-pointers,two-pointers,periph,1.0
apple,six-months,19,59,fast-slow,two-pointers,periph,1.0
apple,six-months,26,60,two-pointers,two-pointers,periph,1.0
apple,six-months,57,61,merge-intervals,intervals,periph,1.0
apple,six-months,75,62,dutch-flag,two-pointers,periph,1.0
apple,six-months,88,63,two-pointers,two-pointers,periph,1.0
apple,six-months,128,64,hashing,hashing,periph,1.0
apple,six-months,134,65,greedy,greedy,periph,1.0
apple,six-months,155,66,design,design,periph,1.0
apple,six-months,208,67,trie,tree,periph,1.0
apple,six-months,217,68,hashing,hashing,periph,1.0
apple,six-months,232,69,design,design,periph,1.0
apple,six-months,273,70,string-other,string,periph,1.0
apple,six-months,314,71,bfs,graph-search,core,1.0
apple,six-months,329,72,dp-grid,dp,core,1.0
apple,six-months,432,73,design,design,periph,1.0
apple,six-months,535,74,design,design,periph,1.0
apple,six-months,567,75,sliding-window,sliding-window,periph,1.0
apple,six-months,635,76,design,design,periph,1.0
apple,six-months,733,77,dfs-flood,graph-search,periph,1.0
apple,six-months,736,78,string-other,string,periph,1.0
apple,six-months,787,79,bellman-ford,graph-search,core,1.0
apple,six-months,863,80,bfs,graph-search,core,1.0
apple,six-months,889,81,tree-construct,tree,periph,1.0
apple,six-months,895,82,design,design,periph,1.0
apple,six-months,918,83,dp-linear,dp,core,1.0
apple,six-months,931,84,dp-grid,dp,core,1.0
apple,six-months,1197,85,bfs,graph-search,core,1.0
apple,six-months,2633,86,trivial,trivial,trivial,1.0
microsoft,six-months,1,1,hashing,hashing,periph,1.0
microsoft,six-months,3,2,sliding-window,sliding-window,periph,1.0
microsoft,six-months,2,3,linked-list,linked-list,periph,1.0
microsoft,six-months,5,4,string-other,string,periph,1.0
microsoft,six-months,146,5,design,design,periph,1.0
microsoft,six-months,42,6,monotonic-stack,stack,periph,1.0
microsoft,six-months,53,7,dp-linear,dp,core,1.0
microsoft,six-months,11,8,two-pointers,two-pointers,periph,1.0
microsoft,six-months,560,9,prefix-sum,prefix-sum,periph,1.0
microsoft,six-months,14,10,string-other,string,periph,1.0
microsoft,six-months,23,11,heap-topk,heap-select,periph,1.0
microsoft,six-months,200,12,dfs-flood,graph-search,periph,1.0
microsoft,six-months,424,13,sliding-window,sliding-window,periph,1.0
microsoft,six-months,56,14,merge-intervals,intervals,periph,1.0
microsoft,six-months,121,15,dp-linear,dp,core,1.0
microsoft,six-months,15,16,two-pointers,two-pointers,periph,1.0
microsoft,six-months,22,17,backtracking,backtracking,core,1.0
microsoft,six-months,33,18,binary-search,binary-search,periph,1.0
microsoft,six-months,70,19,dp-linear,dp,core,1.0
microsoft,six-months,2858,20,graph-other,graph-search,periph,1.0
microsoft,six-months,4,21,binary-search,binary-search,periph,1.0
microsoft,six-months,76,22,sliding-window,sliding-window,periph,1.0
microsoft,six-months,283,23,two-pointers,two-pointers,periph,1.0
microsoft,six-months,7,24,math-bit,math-bit,periph,1.0
microsoft,six-months,26,25,two-pointers,two-pointers,periph,1.0
microsoft,six-months,31,26,two-pointers,two-pointers,periph,1.0
microsoft,six-months,238,27,prefix-sum,prefix-sum,periph,1.0
microsoft,six-months,1475,28,monotonic-stack,stack,periph,1.0
microsoft,six-months,9,29,math-bit,math-bit,periph,1.0
microsoft,six-months,75,30,dutch-flag,two-pointers,periph,1.0
microsoft,six-months,169,31,hashing,hashing,periph,1.0
microsoft,six-months,175,32,sql,sql,trivial,1.0
microsoft,six-months,253,33,diff-array,intervals,periph,1.0
microsoft,six-months,13,34,string-other,string,periph,1.0
microsoft,six-months,17,35,backtracking,backtracking,core,1.0
microsoft,six-months,49,36,hashing,hashing,periph,1.0
microsoft,six-months,242,37,hashing,hashing,periph,1.0
microsoft,six-months,875,38,binary-search,binary-search,periph,1.0
microsoft,six-months,6,39,string-other,string,periph,1.0
microsoft,six-months,101,40,tree-traversal,tree,core,1.0
microsoft,six-months,138,41,linked-list,linked-list,periph,1.0
microsoft,six-months,21,42,linked-list,linked-list,periph,1.0
microsoft,six-months,27,43,two-pointers,two-pointers,periph,1.0
microsoft,six-months,51,44,backtracking,backtracking,core,1.0
microsoft,six-months,78,45,backtracking,backtracking,core,1.0
microsoft,six-months,88,46,two-pointers,two-pointers,periph,1.0
microsoft,six-months,103,47,bfs,graph-search,core,1.0
microsoft,six-months,206,48,linked-list,linked-list,periph,1.0
microsoft,six-months,273,49,string-other,string,periph,1.0
microsoft,six-months,295,50,heap-topk,heap-select,periph,1.0
microsoft,six-months,540,51,binary-search,binary-search,periph,1.0
microsoft,six-months,1797,52,design,design,periph,1.0
microsoft,six-months,12,53,string-other,string,periph,1.0
microsoft,six-months,20,54,pairing-stack,stack,periph,1.0
microsoft,six-months,93,55,backtracking,backtracking,core,1.0
microsoft,six-months,125,56,two-pointers,two-pointers,periph,1.0
microsoft,six-months,189,57,two-pointers,two-pointers,periph,1.0
microsoft,six-months,202,58,hashing,hashing,periph,1.0
microsoft,six-months,207,59,topo-sort,graph-search,core,1.0
microsoft,six-months,215,60,heap-topk,heap-select,periph,1.0
microsoft,six-months,239,61,monotonic-stack,stack,periph,1.0
microsoft,six-months,297,62,tree-construct,tree,periph,1.0
microsoft,six-months,496,63,monotonic-stack,stack,periph,1.0
microsoft,six-months,509,64,dp-linear,dp,core,1.0
microsoft,six-months,761,65,greedy,greedy,periph,1.0
microsoft,six-months,18,66,two-pointers,two-pointers,periph,1.0
microsoft,six-months,55,67,greedy,greedy,periph,1.0
microsoft,six-months,73,68,matrix-sim,matrix-sim,periph,1.0
microsoft,six-months,128,69,hashing,hashing,periph,1.0
microsoft,six-months,143,70,linked-list,linked-list,periph,1.0
microsoft,six-months,167,71,two-pointers,two-pointers,periph,1.0
microsoft,six-months,197,72,sql,sql,trivial,1.0
microsoft,six-months,217,73,hashing,hashing,periph,1.0
microsoft,six-months,300,74,dp-linear,dp,core,1.0
microsoft,six-months,460,75,design,design,periph,1.0
microsoft,six-months,485,76,sliding-window,sliding-window,periph,1.0
microsoft,six-months,680,77,two-pointers,two-pointers,periph,1.0
microsoft,six-months,1353,78,greedy,greedy,periph,1.0
microsoft,six-months,2571,79,math-bit,math-bit,periph,1.0
microsoft,six-months,2667,80,trivial,trivial,trivial,1.0
microsoft,six-months,16,81,two-pointers,two-pointers,periph,1.0
microsoft,six-months,19,82,fast-slow,two-pointers,periph,1.0
microsoft,six-months,28,83,string-matching,string,periph,1.0
microsoft,six-months,54,84,matrix-sim,matrix-sim,periph,1.0
microsoft,six-months,61,85,linked-list,linked-list,periph,1.0
microsoft,six-months,66,86,math-bit,math-bit,periph,1.0
microsoft,six-months,74,87,binary-search,binary-search,periph,1.0
microsoft,six-months,84,88,monotonic-stack,stack,periph,1.0
microsoft,six-months,90,89,backtracking,backtracking,core,1.0
microsoft,six-months,100,90,tree-traversal,tree,core,1.0
microsoft,six-months,155,91,design,design,periph,1.0
microsoft,six-months,198,92,dp-linear,dp,core,1.0
microsoft,six-months,199,93,bfs,graph-search,core,1.0
microsoft,six-months,210,94,topo-sort,graph-search,core,1.0
microsoft,six-months,232,95,design,design,periph,1.0
microsoft,six-months,475,96,binary-search,binary-search,periph,1.0
microsoft,six-months,543,97,tree-aggregate,tree,core,1.0
microsoft,six-months,577,98,sql,sql,trivial,1.0
microsoft,six-months,992,99,sliding-window,sliding-window,periph,1.0
microsoft,six-months,994,100,bfs,graph-search,core,1.0
microsoft,six-months,1757,101,sql,sql,trivial,1.0
microsoft,six-months,1929,102,trivial,trivial,trivial,1.0
microsoft,six-months,3507,103,heap-topk,heap-select,periph,1.0
microsoft,six-months,35,104,binary-search,binary-search,periph,1.0
microsoft,six-months,44,105,dp-grid,dp,core,1.0
microsoft,six-months,45,106,greedy,greedy,periph,1.0
microsoft,six-months,48,107,matrix-sim,matrix-sim,periph,1.0
microsoft,six-months,50,108,math-bit,math-bit,periph,1.0
microsoft,six-months,72,109,dp-grid,dp,core,1.0
microsoft,six-months,85,110,monotonic-stack,stack,periph,1.0
microsoft,six-months,102,111,bfs,graph-search,core,1.0
microsoft,six-months,105,112,tree-construct,tree,periph,1.0
microsoft,six-months,118,113,dp-linear,dp,core,1.0
microsoft,six-months,151,114,string-other,string,periph,1.0
microsoft,six-months,162,115,binary-search,binary-search,periph,1.0
microsoft,six-months,168,116,math-bit,math-bit,periph,1.0
microsoft,six-months,322,117,dp-knapsack,dp,core,1.0
microsoft,six-months,328,118,linked-list,linked-list,periph,1.0
microsoft,six-months,344,119,two-pointers,two-pointers,periph,1.0
microsoft,six-months,349,120,hashing,hashing,periph,1.0
microsoft,six-months,387,121,hashing,hashing,periph,1.0
microsoft,six-months,394,122,pairing-stack,stack,periph,1.0
microsoft,six-months,480,123,heap-topk,heap-select,periph,1.0
microsoft,six-months,494,124,dp-knapsack,dp,core,1.0
microsoft,six-months,516,125,dp-interval,dp,core,1.0
microsoft,six-months,647,126,string-other,string,periph,1.0
microsoft,six-months,696,127,string-other,string,periph,1.0
microsoft,six-months,733,128,dfs-flood,graph-search,periph,1.0
microsoft,six-months,739,129,monotonic-stack,stack,periph,1.0
microsoft,six-months,1011,130,binary-search,binary-search,periph,1.0
microsoft,six-months,1200,131,greedy,greedy,periph,1.0
microsoft,six-months,1335,132,dp-knapsack,dp,core,1.0
microsoft,six-months,1356,133,math-bit,math-bit,periph,1.0
microsoft,six-months,2385,134,bfs,graph-search,core,1.0
microsoft,six-months,8,135,string-other,string,periph,1.0
microsoft,six-months,10,136,dp-grid,dp,core,1.0
microsoft,six-months,30,137,sliding-window,sliding-window,periph,1.0
microsoft,six-months,32,138,pairing-stack,stack,periph,1.0
microsoft,six-months,34,139,binary-search,binary-search,periph,1.0
microsoft,six-months,46,140,backtracking,backtracking,core,1.0
microsoft,six-months,57,141,merge-intervals,intervals,periph,1.0
microsoft,six-months,58,142,string-other,string,periph,1.0
microsoft,six-months,62,143,dp-grid,dp,core,1.0
microsoft,six-months,79,144,backtracking,backtracking,core,1.0
microsoft,six-months,111,145,tree-aggregate,tree,core,1.0
microsoft,six-months,113,146,backtracking,backtracking,core,1.0
microsoft,six-months,131,147,backtracking,backtracking,core,1.0
microsoft,six-months,132,148,dp-interval,dp,core,1.0
microsoft,six-months,139,149,dp-linear,dp,core,1.0
microsoft,six-months,142,150,fast-slow,two-pointers,periph,1.0
microsoft,six-months,152,151,dp-linear,dp,core,1.0
microsoft,six-months,176,152,sql,sql,trivial,1.0
microsoft,six-months,179,153,greedy,greedy,periph,1.0
microsoft,six-months,208,154,trie,tree,periph,1.0
microsoft,six-months,221,155,dp-grid,dp,core,1.0
microsoft,six-months,224,156,pairing-stack,stack,periph,1.0
microsoft,six-months,229,157,hashing,hashing,periph,1.0
microsoft,six-months,234,158,fast-slow,two-pointers,periph,1.0
microsoft,six-months,312,159,dp-interval,dp,core,1.0
microsoft,six-months,347,160,heap-topk,heap-select,periph,1.0
microsoft,six-months,412,161,trivial,trivial,trivial,1.0
microsoft,six-months,498,162,matrix-sim,matrix-sim,periph,1.0
microsoft,six-months,545,163,tree-traversal,tree,core,1.0
microsoft,six-months,621,164,greedy,greedy,periph,1.0
microsoft,six-months,622,165,design,design,periph,1.0
microsoft,six-months,643,166,sliding-window,sliding-window,periph,1.0
microsoft,six-months,653,167,bst,tree,periph,1.0
microsoft,six-months,658,168,binary-search,binary-search,periph,1.0
microsoft,six-months,678,169,greedy,greedy,periph,1.0
microsoft,six-months,704,170,binary-search,binary-search,periph,1.0
microsoft,six-months,707,171,design,design,periph,1.0
microsoft,six-months,721,172,union-find,graph-search,periph,1.0
microsoft,six-months,796,173,string-other,string,periph,1.0
microsoft,six-months,863,174,bfs,graph-search,core,1.0
microsoft,six-months,898,175,dp-linear,dp,core,1.0
microsoft,six-months,1141,176,sql,sql,trivial,1.0
microsoft,six-months,1365,177,prefix-sum,prefix-sum,periph,1.0
microsoft,six-months,1752,178,two-pointers,two-pointers,periph,1.0
microsoft,six-months,1768,179,string-other,string,periph,1.0
microsoft,six-months,1838,180,sliding-window,sliding-window,periph,1.0
microsoft,six-months,1971,181,union-find,graph-search,periph,1.0
microsoft,six-months,2472,182,dp-interval,dp,core,1.0
microsoft,six-months,3047,183,geometry,math-bit,periph,1.0
microsoft,six-months,25,184,linked-list,linked-list,periph,1.0
microsoft,six-months,41,185,hashing,hashing,periph,1.0
microsoft,six-months,63,186,dp-grid,dp,core,1.0
microsoft,six-months,67,187,math-bit,math-bit,periph,1.0
microsoft,six-months,71,188,pairing-stack,stack,periph,1.0
microsoft,six-months,83,189,linked-list,linked-list,periph,1.0
microsoft,six-months,91,190,dp-linear,dp,core,1.0
microsoft,six-months,92,191,linked-list,linked-list,periph,1.0
microsoft,six-months,98,192,bst,tree,periph,1.0
microsoft,six-months,104,193,tree-aggregate,tree,core,1.0
microsoft,six-months,114,194,tree-traversal,tree,core,1.0
microsoft,six-months,122,195,greedy,greedy,periph,1.0
microsoft,six-months,127,196,bfs,graph-search,core,1.0
microsoft,six-months,135,197,greedy,greedy,periph,1.0
microsoft,six-months,141,198,fast-slow,two-pointers,periph,1.0
microsoft,six-months,150,199,pairing-stack,stack,periph,1.0
microsoft,six-months,153,200,binary-search,binary-search,periph,1.0
amazon,three-months,1,1,hashing,hashing,periph,1.0
amazon,three-months,146,2,design,design,periph,1.0
amazon,three-months,2,3,linked-list,linked-list,periph,1.0
amazon,three-months,42,4,monotonic-stack,stack,periph,1.0
amazon,three-months,121,5,dp-linear,dp,core,1.0
amazon,three-months,200,6,dfs-flood,graph-search,periph,1.0
amazon,three-months,207,7,topo-sort,graph-search,core,1.0
amazon,three-months,3,8,sliding-window,sliding-window,periph,1.0
amazon,three-months,4,9,binary-search,binary-search,periph,1.0
amazon,three-months,23,10,heap-topk,heap-select,periph,1.0
amazon,three-months,994,11,bfs,graph-search,core,1.0
amazon,three-months,15,12,two-pointers,two-pointers,periph,1.0
amazon,three-months,33,13,binary-search,binary-search,periph,1.0
amazon,three-months,56,14,merge-intervals,intervals,periph,1.0
amazon,three-months,49,15,hashing,hashing,periph,1.0
amazon,three-months,767,16,greedy,greedy,periph,1.0
amazon,three-months,5,17,string-other,string,periph,1.0
amazon,three-months,11,18,two-pointers,two-pointers,periph,1.0
amazon,three-months,198,19,dp-linear,dp,core,1.0
amazon,three-months,236,20,tree-aggregate,tree,core,1.0
amazon,three-months,875,21,binary-search,binary-search,periph,1.0
amazon,three-months,18,22,two-pointers,two-pointers,periph,1.0
amazon,three-months,424,23,sliding-window,sliding-window,periph,1.0
amazon,three-months,138,24,linked-list,linked-list,periph,1.0
amazon,three-months,560,25,prefix-sum,prefix-sum,periph,1.0
amazon,three-months,735,26,pairing-stack,stack,periph,1.0
amazon,three-months,26,27,two-pointers,two-pointers,periph,1.0
amazon,three-months,31,28,two-pointers,two-pointers,periph,1.0
amazon,three-months,239,29,monotonic-stack,stack,periph,1.0
amazon,three-months,253,30,diff-array,intervals,periph,1.0
amazon,three-months,347,31,heap-topk,heap-select,periph,1.0
amazon,three-months,1929,32,trivial,trivial,trivial,1.0
amazon,three-months,9,33,math-bit,math-bit,periph,1.0
amazon,three-months,20,34,pairing-stack,stack,periph,1.0
amazon,three-months,22,35,backtracking,backtracking,core,1.0
amazon,three-months,53,36,dp-linear,dp,core,1.0
amazon,three-months,14,37,string-other,string,periph,1.0
amazon,three-months,17,38,backtracking,backtracking,core,1.0
amazon,three-months,48,39,matrix-sim,matrix-sim,periph,1.0
amazon,three-months,55,40,greedy,greedy,periph,1.0
amazon,three-months,70,41,dp-linear,dp,core,1.0
amazon,three-months,78,42,backtracking,backtracking,core,1.0
amazon,three-months,128,43,hashing,hashing,periph,1.0
amazon,three-months,169,44,hashing,hashing,periph,1.0
amazon,three-months,210,45,topo-sort,graph-search,core,1.0
amazon,three-months,621,46,greedy,greedy,periph,1.0
amazon,three-months,981,47,design,design,periph,1.0
amazon,three-months,1004,48,sliding-window,sliding-window,periph,1.0
amazon,three-months,21,49,linked-list,linked-list,periph,1.0
amazon,three-months,27,50,two-pointers,two-pointers,periph,1.0
amazon,three-months,28,51,string-matching,string,periph,1.0
amazon,three-months,34,52,binary-search,binary-search,periph,1.0
amazon,three-months,62,53,dp-grid,dp,core,1.0
amazon,three-months,75,54,dutch-flag,two-pointers,periph,1.0
amazon,three-months,238,55,prefix-sum,prefix-sum,periph,1.0
amazon,three-months,295,56,heap-topk,heap-select,periph,1.0
amazon,three-months,796,57,string-other,string,periph,1.0
amazon,three-months,1011,58,binary-search,binary-search,periph,1.0
amazon,three-months,6,59,string-other,string,periph,1.0
amazon,three-months,76,60,sliding-window,sliding-window,periph,1.0
amazon,three-months,125,61,two-pointers,two-pointers,periph,1.0
amazon,three-months,215,62,heap-topk,heap-select,periph,1.0
amazon,three-months,234,63,fast-slow,two-pointers,periph,1.0
amazon,three-months,349,64,hashing,hashing,periph,1.0
amazon,three-months,496,65,monotonic-stack,stack,periph,1.0
amazon,three-months,1752,66,two-pointers,two-pointers,periph,1.0
amazon,three-months,3914,67,greedy,greedy,periph,1.0
amazon,three-months,13,68,string-other,string,periph,1.0
amazon,three-months,19,69,fast-slow,two-pointers,periph,1.0
amazon,three-months,35,70,binary-search,binary-search,periph,1.0
amazon,three-months,97,71,dp-grid,dp,core,1.0
amazon,three-months,142,72,fast-slow,two-pointers,periph,1.0
amazon,three-months,162,73,binary-search,binary-search,periph,1.0
amazon,three-months,322,74,dp-knapsack,dp,core,1.0
amazon,three-months,443,75,two-pointers,two-pointers,periph,1.0
amazon,three-months,739,76,monotonic-stack,stack,periph,1.0
amazon,three-months,863,77,bfs,graph-search,core,1.0
amazon,three-months,10,78,dp-grid,dp,core,1.0
amazon,three-months,12,79,string-other,string,periph,1.0
amazon,three-months,16,80,two-pointers,two-pointers,periph,1.0
amazon,three-months,36,81,hashing,hashing,periph,1.0
amazon,three-months,45,82,greedy,greedy,periph,1.0
amazon,three-months,46,83,backtracking,backtracking,core,1.0
amazon,three-months,54,84,matrix-sim,matrix-sim,periph,1.0
amazon,three-months,66,85,math-bit,math-bit,periph,1.0
amazon,three-months,67,86,math-bit,math-bit,periph,1.0
amazon,three-months,79,87,backtracking,backtracking,core,1.0
amazon,three-months,83,88,linked-list,linked-list,periph,1.0
amazon,three-months,84,89,monotonic-stack,stack,periph,1.0
amazon,three-months,122,90,greedy,greedy,periph,1.0
amazon,three-months,124,91,dp-tree,dp,core,1.0
amazon,three-months,136,92,math-bit,math-bit,periph,1.0
amazon,three-months,139,93,dp-linear,dp,core,1.0
amazon,three-months,141,94,fast-slow,two-pointers,periph,1.0
amazon,three-months,155,95,design,design,periph,1.0
amazon,three-months,175,96,sql,sql,trivial,1.0
amazon,three-months,179,97,greedy,greedy,periph,1.0
amazon,three-months,199,98,bfs,graph-search,core,1.0
amazon,three-months,217,99,hashing,hashing,periph,1.0
amazon,three-months,242,100,hashing,hashing,periph,1.0
amazon,three-months,283,101,two-pointers,two-pointers,periph,1.0
amazon,three-months,300,102,dp-linear,dp,core,1.0
amazon,three-months,380,103,design,design,periph,1.0
amazon,three-months,387,104,hashing,hashing,periph,1.0
amazon,three-months,394,105,pairing-stack,stack,periph,1.0
amazon,three-months,396,106,math-bit,math-bit,periph,1.0
amazon,three-months,410,107,binary-search,binary-search,periph,1.0
amazon,three-months,416,108,dp-knapsack,dp,core,1.0
amazon,three-months,485,109,sliding-window,sliding-window,periph,1.0
amazon,three-months,540,110,binary-search,binary-search,periph,1.0
amazon,three-months,543,111,tree-aggregate,tree,core,1.0
amazon,three-months,852,112,binary-search,binary-search,periph,1.0
amazon,three-months,904,113,sliding-window,sliding-window,periph,1.0
amazon,three-months,907,114,monotonic-stack,stack,periph,1.0
amazon,three-months,987,115,bfs,graph-search,core,1.0
amazon,three-months,1438,116,sliding-window,sliding-window,periph,1.0
amazon,three-months,1665,117,greedy,greedy,periph,1.0
amazon,three-months,1757,118,sql,sql,trivial,1.0
amazon,three-months,1848,119,two-pointers,two-pointers,periph,1.0
amazon,three-months,2385,120,bfs,graph-search,core,1.0
amazon,three-months,8,121,string-other,string,periph,1.0
amazon,three-months,41,122,hashing,hashing,periph,1.0
amazon,three-months,50,123,math-bit,math-bit,periph,1.0
amazon,three-months,61,124,linked-list,linked-list,periph,1.0
amazon,three-months,74,125,binary-search,binary-search,periph,1.0
amazon,three-months,94,126,tree-traversal,tree,core,1.0
amazon,three-months,152,127,dp-linear,dp,core,1.0
amazon,three-months,153,128,binary-search,binary-search,periph,1.0
amazon,three-months,174,129,dp-grid,dp,core,1.0
amazon,three-months,176,130,sql,sql,trivial,1.0
amazon,three-months,190,131,math-bit,math-bit,periph,1.0
amazon,three-months,204,132,number-theory,math-bit,periph,1.0
amazon,three-months,205,133,hashing,hashing,periph,1.0
amazon,three-months,206,134,linked-list,linked-list,periph,1.0
amazon,three-months,224,135,pairing-stack,stack,periph,1.0
amazon,three-months,278,136,binary-search,binary-search,periph,1.0
amazon,three-months,287,137,fast-slow,two-pointers,periph,1.0
amazon,three-months,312,138,dp-interval,dp,core,1.0
amazon,three-months,435,139,greedy,greedy,periph,1.0
amazon,three-months,493,140,binary-search,binary-search,periph,1.0
amazon,three-months,541,141,string-other,string,periph,1.0
amazon,three-months,595,142,sql,sql,trivial,1.0
amazon,three-months,658,143,binary-search,binary-search,periph,1.0
amazon,three-months,704,144,binary-search,binary-search,periph,1.0
amazon,three-months,733,145,dfs-flood,graph-search,periph,1.0
amazon,three-months,977,146,two-pointers,two-pointers,periph,1.0
amazon,three-months,983,147,dp-linear,dp,core,1.0
amazon,three-months,1192,148,graph-other,graph-search,periph,1.0
amazon,three-months,1268,149,trie,tree,periph,1.0
amazon,three-months,1482,150,binary-search,binary-search,periph,1.0
amazon,three-months,1539,151,binary-search,binary-search,periph,1.0
amazon,three-months,1674,152,diff-array,intervals,periph,1.0
amazon,three-months,1903,153,string-other,string,periph,1.0
amazon,three-months,1971,154,union-find,graph-search,periph,1.0
amazon,three-months,3633,155,greedy,greedy,periph,1.0
amazon,three-months,3872,156,dp-linear,dp,core,1.0
amazon,three-months,3920,157,greedy,greedy,periph,1.0
amazon,three-months,7,158,math-bit,math-bit,periph,1.0
amazon,three-months,32,159,pairing-stack,stack,periph,1.0
amazon,three-months,38,160,string-other,string,periph,1.0
amazon,three-months,43,161,string-other,string,periph,1.0
amazon,three-months,44,162,dp-grid,dp,core,1.0
amazon,three-months,51,163,backtracking,backtracking,core,1.0
amazon,three-months,58,164,string-other,string,periph,1.0
amazon,three-months,63,165,dp-grid,dp,core,1.0
amazon,three-months,80,166,two-pointers,two-pointers,periph,1.0
amazon,three-months,98,167,bst,tree,periph,1.0
amazon,three-months,99,168,bst,tree,periph,1.0
amazon,three-months,102,169,bfs,graph-search,core,1.0
amazon,three-months,103,170,bfs,graph-search,core,1.0
amazon,three-months,104,171,tree-aggregate,tree,core,1.0
amazon,three-months,134,172,greedy,greedy,periph,1.0
amazon,three-months,143,173,linked-list,linked-list,periph,1.0
amazon,three-months,182,174,sql,sql,trivial,1.0
amazon,three-months,197,175,sql,sql,trivial,1.0
amazon,three-months,209,176,sliding-window,sliding-window,periph,1.0
amazon,three-months,212,177,trie,tree,periph,1.0
amazon,three-months,213,178,dp-linear,dp,core,1.0
amazon,three-months,235,179,bst,tree,periph,1.0
amazon,three-months,252,180,merge-intervals,intervals,periph,1.0
amazon,three-months,258,181,math-bit,math-bit,periph,1.0
amazon,three-months,273,182,string-other,string,periph,1.0
amazon,three-months,299,183,hashing,hashing,periph,1.0
amazon,three-months,328,184,linked-list,linked-list,periph,1.0
amazon,three-months,344,185,two-pointers,two-pointers,periph,1.0
amazon,three-months,383,186,hashing,hashing,periph,1.0
amazon,three-months,399,187,union-find,graph-search,periph,1.0
amazon,three-months,417,188,dfs-flood,graph-search,periph,1.0
amazon,three-months,438,189,sliding-window,sliding-window,periph,1.0
amazon,three-months,472,190,trie,tree,periph,1.0
amazon,three-months,528,191,binary-search,binary-search,periph,1.0
amazon,three-months,567,192,sliding-window,sliding-window,periph,1.0
amazon,three-months,643,193,sliding-window,sliding-window,periph,1.0
amazon,three-months,678,194,greedy,greedy,periph,1.0
amazon,three-months,680,195,two-pointers,two-pointers,periph,1.0
amazon,three-months,692,196,heap-topk,heap-select,periph,1.0
amazon,three-months,721,197,union-find,graph-search,periph,1.0
amazon,three-months,787,198,bellman-ford,graph-search,core,1.0
amazon,three-months,815,199,bfs,graph-search,core,1.0
amazon,three-months,874,200,matrix-sim,matrix-sim,periph,1.0
google,all,1,1,hashing,hashing,periph,1.0
google,all,2,2,linked-list,linked-list,periph,1.0
google,all,4,3,binary-search,binary-search,periph,1.0
google,all,14,4,string-other,string,periph,1.0
google,all,42,5,monotonic-stack,stack,periph,1.0
google,all,88,6,two-pointers,two-pointers,periph,1.0
google,all,9,7,math-bit,math-bit,periph,1.0
google,all,2667,8,trivial,trivial,trivial,1.0
google,all,3,9,sliding-window,sliding-window,periph,1.0
google,all,121,10,dp-linear,dp,core,1.0
google,all,15,11,two-pointers,two-pointers,periph,1.0
google,all,1768,12,string-other,string,periph,1.0
google,all,5,13,string-other,string,periph,1.0
google,all,128,14,hashing,hashing,periph,1.0
google,all,1757,15,sql,sql,trivial,1.0
google,all,11,16,two-pointers,two-pointers,periph,1.0
google,all,56,17,merge-intervals,intervals,periph,1.0
google,all,13,18,string-other,string,periph,1.0
google,all,20,19,pairing-stack,stack,periph,1.0
google,all,169,20,hashing,hashing,periph,1.0
google,all,200,21,dfs-flood,graph-search,periph,1.0
google,all,53,22,dp-linear,dp,core,1.0
google,all,7,23,math-bit,math-bit,periph,1.0
google,all,26,24,two-pointers,two-pointers,periph,1.0
google,all,560,25,prefix-sum,prefix-sum,periph,1.0
google,all,70,26,dp-linear,dp,core,1.0
google,all,21,27,linked-list,linked-list,periph,1.0
google,all,31,28,two-pointers,two-pointers,periph,1.0
google,all,22,29,backtracking,backtracking,core,1.0
google,all,54,30,matrix-sim,matrix-sim,periph,1.0
google,all,253,31,diff-array,intervals,periph,1.0
google,all,206,32,linked-list,linked-list,periph,1.0
google,all,394,33,pairing-stack,stack,periph,1.0
google,all,2235,34,trivial,trivial,trivial,1.0
google,all,33,35,binary-search,binary-search,periph,1.0
google,all,27,36,two-pointers,two-pointers,periph,1.0
google,all,283,37,two-pointers,two-pointers,periph,1.0
google,all,1526,38,greedy,greedy,periph,1.0
google,all,118,39,dp-linear,dp,core,1.0
google,all,146,40,design,design,periph,1.0
google,all,875,41,binary-search,binary-search,periph,1.0
google,all,55,42,greedy,greedy,periph,1.0
google,all,17,43,backtracking,backtracking,core,1.0
google,all,136,44,math-bit,math-bit,periph,1.0
google,all,51,45,backtracking,backtracking,core,1.0
google,all,84,46,monotonic-stack,stack,periph,1.0
google,all,162,47,binary-search,binary-search,periph,1.0
google,all,18,48,two-pointers,two-pointers,periph,1.0
google,all,347,49,heap-topk,heap-select,periph,1.0
google,all,410,50,binary-search,binary-search,periph,1.0
google,all,198,51,dp-linear,dp,core,1.0
google,all,28,52,string-matching,string,periph,1.0
google,all,242,53,hashing,hashing,periph,1.0
google,all,215,54,heap-topk,heap-select,periph,1.0
google,all,1929,55,trivial,trivial,trivial,1.0
google,all,189,56,two-pointers,two-pointers,periph,1.0
google,all,49,57,hashing,hashing,periph,1.0
google,all,66,58,math-bit,math-bit,periph,1.0
google,all,359,59,design,design,periph,1.0
google,all,35,60,binary-search,binary-search,periph,1.0
google,all,2995,61,sql,sql,trivial,1.0
google,all,48,62,matrix-sim,matrix-sim,periph,1.0
google,all,485,63,sliding-window,sliding-window,periph,1.0
google,all,6,64,string-other,string,periph,1.0
google,all,75,65,dutch-flag,two-pointers,periph,1.0
google,all,202,66,hashing,hashing,periph,1.0
google,all,424,67,sliding-window,sliding-window,periph,1.0
google,all,540,68,binary-search,binary-search,periph,1.0
google,all,238,69,prefix-sum,prefix-sum,periph,1.0
google,all,354,70,binary-search,binary-search,periph,1.0
google,all,67,71,math-bit,math-bit,periph,1.0
google,all,239,72,monotonic-stack,stack,periph,1.0
google,all,50,73,math-bit,math-bit,periph,1.0
google,all,231,74,math-bit,math-bit,periph,1.0
google,all,1944,75,monotonic-stack,stack,periph,1.0
google,all,175,76,sql,sql,trivial,1.0
google,all,10,77,dp-grid,dp,core,1.0
google,all,295,78,heap-topk,heap-select,periph,1.0
google,all,34,79,binary-search,binary-search,periph,1.0
google,all,73,80,matrix-sim,matrix-sim,periph,1.0
google,all,221,81,dp-grid,dp,core,1.0
google,all,300,82,dp-linear,dp,core,1.0
google,all,207,83,topo-sort,graph-search,core,1.0
google,all,125,84,two-pointers,two-pointers,periph,1.0
google,all,224,85,pairing-stack,stack,periph,1.0
google,all,85,86,monotonic-stack,stack,periph,1.0
google,all,217,87,hashing,hashing,periph,1.0
google,all,349,88,hashing,hashing,periph,1.0
google,all,994,89,bfs,graph-search,core,1.0
google,all,78,90,backtracking,backtracking,core,1.0
google,all,704,91,binary-search,binary-search,periph,1.0
google,all,46,92,backtracking,backtracking,core,1.0
google,all,19,93,fast-slow,two-pointers,periph,1.0
google,all,23,94,heap-topk,heap-select,periph,1.0
google,all,155,95,design,design,periph,1.0
google,all,62,96,dp-grid,dp,core,1.0
google,all,322,97,dp-knapsack,dp,core,1.0
google,all,152,98,dp-linear,dp,core,1.0
google,all,69,99,binary-search,binary-search,periph,1.0
google,all,3625,100,geometry,math-bit,periph,1.0
google,all,124,101,dp-tree,dp,core,1.0
google,all,16,102,two-pointers,two-pointers,periph,1.0
google,all,41,103,hashing,hashing,periph,1.0
google,all,234,104,fast-slow,two-pointers,periph,1.0
google,all,1004,105,sliding-window,sliding-window,periph,1.0
google,all,45,106,greedy,greedy,periph,1.0
google,all,151,107,string-other,string,periph,1.0
google,all,167,108,two-pointers,two-pointers,periph,1.0
google,all,37,109,backtracking,backtracking,core,1.0
google,all,135,110,greedy,greedy,periph,1.0
google,all,380,111,design,design,periph,1.0
google,all,904,112,sliding-window,sliding-window,periph,1.0
google,all,1101,113,union-find,graph-search,periph,1.0
google,all,122,114,greedy,greedy,periph,1.0
google,all,141,115,fast-slow,two-pointers,periph,1.0
google,all,416,116,dp-knapsack,dp,core,1.0
google,all,3355,117,diff-array,intervals,periph,1.0
google,all,36,118,hashing,hashing,periph,1.0
google,all,448,119,hashing,hashing,periph,1.0
google,all,843,120,string-other,string,periph,1.0
google,all,876,121,fast-slow,two-pointers,periph,1.0
google,all,25,122,linked-list,linked-list,periph,1.0
google,all,39,123,backtracking,backtracking,core,1.0
google,all,402,124,monotonic-stack,stack,periph,1.0
google,all,68,125,string-other,string,periph,1.0
google,all,100,126,tree-traversal,tree,core,1.0
google,all,219,127,hashing,hashing,periph,1.0
google,all,1480,128,prefix-sum,prefix-sum,periph,1.0
google,all,3453,129,binary-search,binary-search,periph,1.0
google,all,72,130,dp-grid,dp,core,1.0
google,all,509,131,dp-linear,dp,core,1.0
google,all,739,132,monotonic-stack,stack,periph,1.0
google,all,852,133,binary-search,binary-search,periph,1.0
google,all,939,134,hashing,hashing,periph,1.0
google,all,2877,135,trivial,trivial,trivial,1.0
google,all,61,136,linked-list,linked-list,periph,1.0
google,all,345,137,two-pointers,two-pointers,periph,1.0
google,all,907,138,monotonic-stack,stack,periph,1.0
google,all,57,139,merge-intervals,intervals,periph,1.0
google,all,204,140,number-theory,math-bit,periph,1.0
google,all,131,141,backtracking,backtracking,core,1.0
google,all,528,142,binary-search,binary-search,periph,1.0
google,all,912,143,heap-topk,heap-select,periph,1.0
google,all,3623,144,geometry,math-bit,periph,1.0
google,all,58,145,string-other,string,periph,1.0
google,all,139,146,dp-linear,dp,core,1.0
google,all,205,147,hashing,hashing,periph,1.0
google,all,493,148,binary-search,binary-search,periph,1.0
google,all,543,149,tree-aggregate,tree,core,1.0
google,all,1011,150,binary-search,binary-search,periph,1.0
google,all,1207,151,hashing,hashing,periph,1.0
google,all,268,152,math-bit,math-bit,periph,1.0
google,all,287,153,fast-slow,two-pointers,periph,1.0
google,all,503,154,monotonic-stack,stack,periph,1.0
google,all,595,155,sql,sql,trivial,1.0
google,all,715,156,design,design,periph,1.0
google,all,1148,157,sql,sql,trivial,1.0
google,all,1752,158,two-pointers,two-pointers,periph,1.0
google,all,29,159,math-bit,math-bit,periph,1.0
google,all,44,160,dp-grid,dp,core,1.0
google,all,90,161,backtracking,backtracking,core,1.0
google,all,130,162,dfs-flood,graph-search,periph,1.0
google,all,176,163,sql,sql,trivial,1.0
google,all,226,164,tree-traversal,tree,core,1.0
google,all,1825,165,design,design,periph,1.0
google,all,12,166,string-other,string,periph,1.0
google,all,179,167,greedy,greedy,periph,1.0
google,all,443,168,two-pointers,two-pointers,periph,1.0
google,all,494,169,dp-knapsack,dp,core,1.0
google,all,643,170,sliding-window,sliding-window,periph,1.0
google,all,8,171,string-other,string,periph,1.0
google,all,79,172,backtracking,backtracking,core,1.0
google,all,326,173,math-bit,math-bit,periph,1.0
google,all,344,174,two-pointers,two-pointers,periph,1.0
google,all,584,175,sql,sql,trivial,1.0
google,all,2337,176,two-pointers,two-pointers,periph,1.0
google,all,2402,177,heap-topk,heap-select,periph,1.0
google,all,3481,178,string-other,string,periph,1.0
google,all,76,179,sliding-window,sliding-window,periph,1.0
google,all,240,180,binary-search,binary-search,periph,1.0
google,all,417,181,dfs-flood,graph-search,periph,1.0
google,all,977,182,two-pointers,two-pointers,periph,1.0
google,all,1071,183,string-other,string,periph,1.0
google,all,74,184,binary-search,binary-search,periph,1.0
google,all,102,185,bfs,graph-search,core,1.0
google,all,197,186,sql,sql,trivial,1.0
google,all,236,187,tree-aggregate,tree,core,1.0
google,all,389,188,math-bit,math-bit,periph,1.0
google,all,962,189,monotonic-stack,stack,periph,1.0
google,all,1110,190,tree-traversal,tree,core,1.0
google,all,127,191,bfs,graph-search,core,1.0
google,all,387,192,hashing,hashing,periph,1.0
google,all,547,193,union-find,graph-search,periph,1.0
google,all,567,194,sliding-window,sliding-window,periph,1.0
google,all,230,195,bst,tree,periph,1.0
google,all,496,196,monotonic-stack,stack,periph,1.0
google,all,777,197,two-pointers,two-pointers,periph,1.0
google,all,1482,198,binary-search,binary-search,periph,1.0
google,all,1838,199,sliding-window,sliding-window,periph,1.0
google,all,209,200,sliding-window,sliding-window,periph,1.0
bloomberg,all,1,1,hashing,hashing,periph,1.0
bloomberg,all,56,2,merge-intervals,intervals,periph,1.0
bloomberg,all,2,3,linked-list,linked-list,periph,1.0
bloomberg,all,380,4,design,design,periph,1.0
bloomberg,all,3,5,sliding-window,sliding-window,periph,1.0
bloomberg,all,20,6,pairing-stack,stack,periph,1.0
bloomberg,all,200,7,dfs-flood,graph-search,periph,1.0
bloomberg,all,121,8,dp-linear,dp,core,1.0
bloomberg,all,5,9,string-other,string,periph,1.0
bloomberg,all,42,10,monotonic-stack,stack,periph,1.0
bloomberg,all,15,11,two-pointers,two-pointers,periph,1.0
bloomberg,all,1169,12,hashing,hashing,periph,1.0
bloomberg,all,14,13,string-other,string,periph,1.0
bloomberg,all,430,14,linked-list,linked-list,periph,1.0
bloomberg,all,79,15,backtracking,backtracking,core,1.0
bloomberg,all,4,16,binary-search,binary-search,periph,1.0
bloomberg,all,11,17,two-pointers,two-pointers,periph,1.0
bloomberg,all,88,18,two-pointers,two-pointers,periph,1.0
bloomberg,all,7,19,math-bit,math-bit,periph,1.0
bloomberg,all,394,20,pairing-stack,stack,periph,1.0
bloomberg,all,242,21,hashing,hashing,periph,1.0
bloomberg,all,169,22,hashing,hashing,periph,1.0
bloomberg,all,26,23,two-pointers,two-pointers,periph,1.0
bloomberg,all,9,24,math-bit,math-bit,periph,1.0
bloomberg,all,13,25,string-other,string,periph,1.0
bloomberg,all,21,26,linked-list,linked-list,periph,1.0
bloomberg,all,146,27,design,design,periph,1.0
bloomberg,all,1396,28,design,design,periph,1.0
bloomberg,all,33,29,binary-search,binary-search,periph,1.0
bloomberg,all,128,30,hashing,hashing,periph,1.0
bloomberg,all,155,31,design,design,periph,1.0
bloomberg,all,560,32,prefix-sum,prefix-sum,periph,1.0
bloomberg,all,53,33,dp-linear,dp,core,1.0
bloomberg,all,78,34,backtracking,backtracking,core,1.0
bloomberg,all,31,35,two-pointers,two-pointers,periph,1.0
bloomberg,all,49,36,hashing,hashing,periph,1.0
bloomberg,all,283,37,two-pointers,two-pointers,periph,1.0
bloomberg,all,387,38,hashing,hashing,periph,1.0
bloomberg,all,22,39,backtracking,backtracking,core,1.0
bloomberg,all,48,40,matrix-sim,matrix-sim,periph,1.0
bloomberg,all,98,41,bst,tree,periph,1.0
bloomberg,all,162,42,binary-search,binary-search,periph,1.0
bloomberg,all,253,43,diff-array,intervals,periph,1.0
bloomberg,all,70,44,dp-linear,dp,core,1.0
bloomberg,all,189,45,two-pointers,two-pointers,periph,1.0
bloomberg,all,1274,46,matrix-sim,matrix-sim,periph,1.0
bloomberg,all,140,47,backtracking,backtracking,core,1.0
bloomberg,all,2667,48,trivial,trivial,trivial,1.0
bloomberg,all,206,49,linked-list,linked-list,periph,1.0
bloomberg,all,69,50,binary-search,binary-search,periph,1.0
bloomberg,all,118,51,dp-linear,dp,core,1.0
bloomberg,all,125,52,two-pointers,two-pointers,periph,1.0
bloomberg,all,34,53,binary-search,binary-search,periph,1.0
bloomberg,all,55,54,greedy,greedy,periph,1.0
bloomberg,all,8,55,string-other,string,periph,1.0
bloomberg,all,322,56,dp-knapsack,dp,core,1.0
bloomberg,all,875,57,binary-search,binary-search,periph,1.0
bloomberg,all,1387,58,math-bit,math-bit,periph,1.0
bloomberg,all,217,59,hashing,hashing,periph,1.0
bloomberg,all,424,60,sliding-window,sliding-window,periph,1.0
bloomberg,all,18,61,two-pointers,two-pointers,periph,1.0
bloomberg,all,27,62,two-pointers,two-pointers,periph,1.0
bloomberg,all,75,63,dutch-flag,two-pointers,periph,1.0
bloomberg,all,136,64,math-bit,math-bit,periph,1.0
bloomberg,all,540,65,binary-search,binary-search,periph,1.0
bloomberg,all,50,66,math-bit,math-bit,periph,1.0
bloomberg,all,797,67,graph-other,graph-search,periph,1.0
bloomberg,all,131,68,backtracking,backtracking,core,1.0
bloomberg,all,139,69,dp-linear,dp,core,1.0
bloomberg,all,66,70,math-bit,math-bit,periph,1.0
bloomberg,all,1209,71,pairing-stack,stack,periph,1.0
bloomberg,all,54,72,matrix-sim,matrix-sim,periph,1.0
bloomberg,all,1752,73,two-pointers,two-pointers,periph,1.0
bloomberg,all,399,74,union-find,graph-search,periph,1.0
bloomberg,all,28,75,string-matching,string,periph,1.0
bloomberg,all,102,76,bfs,graph-search,core,1.0
bloomberg,all,238,77,prefix-sum,prefix-sum,periph,1.0
bloomberg,all,1029,78,greedy,greedy,periph,1.0
bloomberg,all,1656,79,design,design,periph,1.0
bloomberg,all,35,80,binary-search,binary-search,periph,1.0
bloomberg,all,485,81,sliding-window,sliding-window,periph,1.0
bloomberg,all,2423,82,hashing,hashing,periph,1.0
bloomberg,all,23,83,heap-topk,heap-select,periph,1.0
bloomberg,all,151,84,string-other,string,periph,1.0
bloomberg,all,198,85,dp-linear,dp,core,1.0
bloomberg,all,314,86,bfs,graph-search,core,1.0
bloomberg,all,1249,87,pairing-stack,stack,periph,1.0
bloomberg,all,1757,88,sql,sql,trivial,1.0
bloomberg,all,175,89,sql,sql,trivial,1.0
bloomberg,all,6,90,string-other,string,periph,1.0
bloomberg,all,16,91,two-pointers,two-pointers,periph,1.0
bloomberg,all,73,92,matrix-sim,matrix-sim,periph,1.0
bloomberg,all,215,93,heap-topk,heap-select,periph,1.0
bloomberg,all,496,94,monotonic-stack,stack,periph,1.0
bloomberg,all,74,95,binary-search,binary-search,periph,1.0
bloomberg,all,138,96,linked-list,linked-list,periph,1.0
bloomberg,all,234,97,fast-slow,two-pointers,periph,1.0
bloomberg,all,62,98,dp-grid,dp,core,1.0
bloomberg,all,101,99,tree-traversal,tree,core,1.0
bloomberg,all,122,100,greedy,greedy,periph,1.0
bloomberg,all,143,101,linked-list,linked-list,periph,1.0
bloomberg,all,739,102,monotonic-stack,stack,periph,1.0
bloomberg,all,61,103,linked-list,linked-list,periph,1.0
bloomberg,all,110,104,tree-aggregate,tree,core,1.0
bloomberg,all,134,105,greedy,greedy,periph,1.0
bloomberg,all,141,106,fast-slow,two-pointers,periph,1.0
bloomberg,all,987,107,bfs,graph-search,core,1.0
bloomberg,all,994,108,bfs,graph-search,core,1.0
bloomberg,all,51,109,backtracking,backtracking,core,1.0
bloomberg,all,67,110,math-bit,math-bit,periph,1.0
bloomberg,all,84,111,monotonic-stack,stack,periph,1.0
bloomberg,all,547,112,union-find,graph-search,periph,1.0
bloomberg,all,570,113,sql,sql,trivial,1.0
bloomberg,all,611,114,two-pointers,two-pointers,periph,1.0
bloomberg,all,17,115,backtracking,backtracking,core,1.0
bloomberg,all,39,116,backtracking,backtracking,core,1.0
bloomberg,all,116,117,tree-traversal,tree,core,1.0
bloomberg,all,135,118,greedy,greedy,periph,1.0
bloomberg,all,152,119,dp-linear,dp,core,1.0
bloomberg,all,205,120,hashing,hashing,periph,1.0
bloomberg,all,268,121,math-bit,math-bit,periph,1.0
bloomberg,all,443,122,two-pointers,two-pointers,periph,1.0
bloomberg,all,704,123,binary-search,binary-search,periph,1.0
bloomberg,all,1583,124,hashing,hashing,periph,1.0
bloomberg,all,1768,125,string-other,string,periph,1.0
bloomberg,all,36,126,hashing,hashing,periph,1.0
bloomberg,all,100,127,tree-traversal,tree,core,1.0
bloomberg,all,105,128,tree-construct,tree,periph,1.0
bloomberg,all,219,129,hashing,hashing,periph,1.0
bloomberg,all,287,130,fast-slow,two-pointers,periph,1.0
bloomberg,all,347,131,heap-topk,heap-select,periph,1.0
bloomberg,all,349,132,hashing,hashing,periph,1.0
bloomberg,all,445,133,linked-list,linked-list,periph,1.0
bloomberg,all,1244,134,design,design,periph,1.0
bloomberg,all,1838,135,sliding-window,sliding-window,periph,1.0
bloomberg,all,24,136,linked-list,linked-list,periph,1.0
bloomberg,all,58,137,string-other,string,periph,1.0
bloomberg,all,300,138,dp-linear,dp,core,1.0
bloomberg,all,933,139,design,design,periph,1.0
bloomberg,all,1823,140,math-bit,math-bit,periph,1.0
bloomberg,all,12,141,string-other,string,periph,1.0
bloomberg,all,19,142,fast-slow,two-pointers,periph,1.0
bloomberg,all,45,143,greedy,greedy,periph,1.0
bloomberg,all,46,144,backtracking,backtracking,core,1.0
bloomberg,all,127,145,bfs,graph-search,core,1.0
bloomberg,all,230,146,bst,tree,periph,1.0
bloomberg,all,386,147,dfs-flood,graph-search,periph,1.0
bloomberg,all,509,148,dp-linear,dp,core,1.0
bloomberg,all,10,149,dp-grid,dp,core,1.0
bloomberg,all,103,150,bfs,graph-search,core,1.0
bloomberg,all,202,151,hashing,hashing,periph,1.0
bloomberg,all,239,152,monotonic-stack,stack,periph,1.0
bloomberg,all,274,153,hashing,hashing,periph,1.0
bloomberg,all,344,154,two-pointers,two-pointers,periph,1.0
bloomberg,all,117,155,tree-traversal,tree,core,1.0
bloomberg,all,167,156,two-pointers,two-pointers,periph,1.0
bloomberg,all,852,157,binary-search,binary-search,periph,1.0
bloomberg,all,1011,158,binary-search,binary-search,periph,1.0
bloomberg,all,1472,159,design,design,periph,1.0
bloomberg,all,44,160,dp-grid,dp,core,1.0
bloomberg,all,63,161,dp-grid,dp,core,1.0
bloomberg,all,72,162,dp-grid,dp,core,1.0
bloomberg,all,83,163,linked-list,linked-list,periph,1.0
bloomberg,all,104,164,tree-aggregate,tree,core,1.0
bloomberg,all,208,165,trie,tree,periph,1.0
bloomberg,all,209,166,sliding-window,sliding-window,periph,1.0
bloomberg,all,236,167,tree-aggregate,tree,core,1.0
bloomberg,all,503,168,monotonic-stack,stack,periph,1.0
bloomberg,all,796,169,string-other,string,periph,1.0
bloomberg,all,25,170,linked-list,linked-list,periph,1.0
bloomberg,all,90,171,backtracking,backtracking,core,1.0
bloomberg,all,150,172,pairing-stack,stack,periph,1.0
bloomberg,all,197,173,sql,sql,trivial,1.0
bloomberg,all,237,174,linked-list,linked-list,periph,1.0
bloomberg,all,328,175,linked-list,linked-list,periph,1.0
bloomberg,all,345,176,two-pointers,two-pointers,periph,1.0
bloomberg,all,416,177,dp-knapsack,dp,core,1.0
bloomberg,all,1661,178,sql,sql,trivial,1.0
bloomberg,all,160,179,linked-list,linked-list,periph,1.0
bloomberg,all,235,180,bst,tree,periph,1.0
bloomberg,all,410,181,binary-search,binary-search,periph,1.0
bloomberg,all,543,182,tree-aggregate,tree,core,1.0
bloomberg,all,692,183,heap-topk,heap-select,periph,1.0
bloomberg,all,901,184,monotonic-stack,stack,periph,1.0
bloomberg,all,912,185,heap-topk,heap-select,periph,1.0
bloomberg,all,1148,186,sql,sql,trivial,1.0
bloomberg,all,1193,187,sql,sql,trivial,1.0
bloomberg,all,1347,188,hashing,hashing,periph,1.0
bloomberg,all,1614,189,pairing-stack,stack,periph,1.0
bloomberg,all,2965,190,hashing,hashing,periph,1.0
bloomberg,all,29,191,math-bit,math-bit,periph,1.0
bloomberg,all,120,192,dp-grid,dp,core,1.0
bloomberg,all,124,193,dp-tree,dp,core,1.0
bloomberg,all,172,194,math-bit,math-bit,periph,1.0
bloomberg,all,207,195,topo-sort,graph-search,core,1.0
bloomberg,all,231,196,math-bit,math-bit,periph,1.0
bloomberg,all,297,197,tree-construct,tree,periph,1.0
bloomberg,all,904,198,sliding-window,sliding-window,periph,1.0
bloomberg,all,37,199,backtracking,backtracking,core,1.0
bloomberg,all,40,200,backtracking,backtracking,core,1.0
facebook,six-months,1,1,hashing,hashing,periph,1.0
facebook,six-months,121,2,dp-linear,dp,core,1.0
facebook,six-months,408,3,string-other,string,periph,1.0
facebook,six-months,1249,4,pairing-stack,stack,periph,1.0
facebook,six-months,2,5,linked-list,linked-list,periph,1.0
facebook,six-months,560,6,prefix-sum,prefix-sum,periph,1.0
facebook,six-months,215,7,heap-topk,heap-select,periph,1.0
facebook,six-months,680,8,two-pointers,two-pointers,periph,1.0
facebook,six-months,20,9,pairing-stack,stack,periph,1.0
facebook,six-months,543,10,tree-aggregate,tree,core,1.0
facebook,six-months,4,11,binary-search,binary-search,periph,1.0
facebook,six-months,162,12,binary-search,binary-search,periph,1.0
facebook,six-months,199,13,bfs,graph-search,core,1.0
facebook,six-months,125,14,two-pointers,two-pointers,periph,1.0
facebook,six-months,314,15,bfs,graph-search,core,1.0
facebook,six-months,339,16,tree-traversal,tree,core,1.0
facebook,six-months,5,17,string-other,string,periph,1.0
facebook,six-months,26,18,two-pointers,two-pointers,periph,1.0
facebook,six-months,56,19,merge-intervals,intervals,periph,1.0
facebook,six-months,528,20,binary-search,binary-search,periph,1.0
facebook,six-months,15,21,two-pointers,two-pointers,periph,1.0
facebook,six-months,283,22,two-pointers,two-pointers,periph,1.0
facebook,six-months,11,23,two-pointers,two-pointers,periph,1.0
facebook,six-months,14,24,string-other,string,periph,1.0
facebook,six-months,21,25,linked-list,linked-list,periph,1.0
facebook,six-months,23,26,heap-topk,heap-select,periph,1.0
facebook,six-months,31,27,two-pointers,two-pointers,periph,1.0
facebook,six-months,50,28,math-bit,math-bit,periph,1.0
facebook,six-months,129,29,tree-aggregate,tree,core,1.0
facebook,six-months,200,30,dfs-flood,graph-search,periph,1.0
facebook,six-months,236,31,tree-aggregate,tree,core,1.0
facebook,six-months,22,32,backtracking,backtracking,core,1.0
facebook,six-months,34,33,binary-search,binary-search,periph,1.0
facebook,six-months,88,34,two-pointers,two-pointers,periph,1.0
facebook,six-months,347,35,heap-topk,heap-select,periph,1.0
facebook,six-months,1004,36,sliding-window,sliding-window,periph,1.0
facebook,six-months,3,37,sliding-window,sliding-window,periph,1.0
facebook,six-months,71,38,pairing-stack,stack,periph,1.0
facebook,six-months,647,39,string-other,string,periph,1.0
facebook,six-months,70,40,dp-linear,dp,core,1.0
facebook,six-months,146,41,design,design,periph,1.0
facebook,six-months,207,42,topo-sort,graph-search,core,1.0
facebook,six-months,489,43,backtracking,backtracking,core,1.0
facebook,six-months,824,44,string-other,string,periph,1.0
facebook,six-months,827,45,dfs-flood,graph-search,periph,1.0
facebook,six-months,973,46,heap-topk,heap-select,periph,1.0
facebook,six-months,13,47,string-other,string,periph,1.0
facebook,six-months,42,48,monotonic-stack,stack,periph,1.0
facebook,six-months,73,49,matrix-sim,matrix-sim,periph,1.0
facebook,six-months,227,50,pairing-stack,stack,periph,1.0
facebook,six-months,419,51,matrix-sim,matrix-sim,periph,1.0
facebook,six-months,1091,52,bfs,graph-search,core,1.0
facebook,six-months,1539,53,binary-search,binary-search,periph,1.0
facebook,six-months,1650,54,tree-traversal,tree,core,1.0
facebook,six-months,9,55,math-bit,math-bit,periph,1.0
facebook,six-months,18,56,two-pointers,two-pointers,periph,1.0
facebook,six-months,33,57,binary-search,binary-search,periph,1.0
facebook,six-months,138,58,linked-list,linked-list,periph,1.0
facebook,six-months,242,59,hashing,hashing,periph,1.0
facebook,six-months,249,60,hashing,hashing,periph,1.0
facebook,six-months,322,61,dp-knapsack,dp,core,1.0
facebook,six-months,938,62,bst,tree,periph,1.0
facebook,six-months,1929,63,trivial,trivial,trivial,1.0
facebook,six-months,17,64,backtracking,backtracking,core,1.0
facebook,six-months,32,65,pairing-stack,stack,periph,1.0
facebook,six-months,39,66,backtracking,backtracking,core,1.0
facebook,six-months,53,67,dp-linear,dp,core,1.0
facebook,six-months,54,68,matrix-sim,matrix-sim,periph,1.0
facebook,six-months,55,69,greedy,greedy,periph,1.0
facebook,six-months,77,70,backtracking,backtracking,core,1.0
facebook,six-months,128,71,hashing,hashing,periph,1.0
facebook,six-months,133,72,graph-other,graph-search,periph,1.0
facebook,six-months,636,73,pairing-stack,stack,periph,1.0
facebook,six-months,27,74,two-pointers,two-pointers,periph,1.0
facebook,six-months,41,75,hashing,hashing,periph,1.0
facebook,six-months,46,76,backtracking,backtracking,core,1.0
facebook,six-months,48,77,matrix-sim,matrix-sim,periph,1.0
facebook,six-months,49,78,hashing,hashing,periph,1.0
facebook,six-months,51,79,backtracking,backtracking,core,1.0
facebook,six-months,66,80,math-bit,math-bit,periph,1.0
facebook,six-months,76,81,sliding-window,sliding-window,periph,1.0
facebook,six-months,169,82,hashing,hashing,periph,1.0
facebook,six-months,209,83,sliding-window,sliding-window,periph,1.0
facebook,six-months,231,84,math-bit,math-bit,periph,1.0
facebook,six-months,234,85,fast-slow,two-pointers,periph,1.0
facebook,six-months,238,86,prefix-sum,prefix-sum,periph,1.0
facebook,six-months,349,87,hashing,hashing,periph,1.0
facebook,six-months,438,88,sliding-window,sliding-window,periph,1.0
facebook,six-months,545,89,tree-traversal,tree,core,1.0
facebook,six-months,678,90,greedy,greedy,periph,1.0
facebook,six-months,739,91,monotonic-stack,stack,periph,1.0
facebook,six-months,921,92,pairing-stack,stack,periph,1.0
facebook,six-months,1570,93,design,design,periph,1.0
facebook,six-months,1762,94,monotonic-stack,stack,periph,1.0
facebook,six-months,7,95,math-bit,math-bit,periph,1.0
facebook,six-months,16,96,two-pointers,two-pointers,periph,1.0
facebook,six-months,58,97,string-other,string,periph,1.0
facebook,six-months,110,98,tree-aggregate,tree,core,1.0
facebook,six-months,131,99,backtracking,backtracking,core,1.0
facebook,six-months,143,100,linked-list,linked-list,periph,1.0
facebook,six-months,175,101,sql,sql,trivial,1.0
facebook,six-months,217,102,hashing,hashing,periph,1.0
facebook,six-months,346,103,design,design,periph,1.0
facebook,six-months,412,104,trivial,trivial,trivial,1.0
facebook,six-months,485,105,sliding-window,sliding-window,periph,1.0
facebook,six-months,496,106,monotonic-stack,stack,periph,1.0
facebook,six-months,509,107,dp-linear,dp,core,1.0
facebook,six-months,529,108,dfs-flood,graph-search,periph,1.0
facebook,six-months,643,109,sliding-window,sliding-window,periph,1.0
facebook,six-months,670,110,greedy,greedy,periph,1.0
facebook,six-months,825,111,hashing,hashing,periph,1.0
facebook,six-months,863,112,bfs,graph-search,core,1.0
facebook,six-months,986,113,merge-intervals,intervals,periph,1.0
facebook,six-months,1239,114,backtracking,backtracking,core,1.0
facebook,six-months,8,115,string-other,string,periph,1.0
facebook,six-months,62,116,dp-grid,dp,core,1.0
facebook,six-months,65,117,string-other,string,periph,1.0
facebook,six-months,69,118,binary-search,binary-search,periph,1.0
facebook,six-months,74,119,binary-search,binary-search,periph,1.0
facebook,six-months,123,120,dp-linear,dp,core,1.0
facebook,six-months,150,121,pairing-stack,stack,periph,1.0
facebook,six-months,152,122,dp-linear,dp,core,1.0
facebook,six-months,155,123,design,design,periph,1.0
facebook,six-months,167,124,two-pointers,two-pointers,periph,1.0
facebook,six-months,182,125,sql,sql,trivial,1.0
facebook,six-months,198,126,dp-linear,dp,core,1.0
facebook,six-months,219,127,hashing,hashing,periph,1.0
facebook,six-months,424,128,sliding-window,sliding-window,periph,1.0
facebook,six-months,480,129,heap-topk,heap-select,periph,1.0
facebook,six-months,540,130,binary-search,binary-search,periph,1.0
facebook,six-months,735,131,pairing-stack,stack,periph,1.0
facebook,six-months,778,132,dijkstra,graph-search,core,1.0
facebook,six-months,987,133,bfs,graph-search,core,1.0
facebook,six-months,1047,134,pairing-stack,stack,periph,1.0
facebook,six-months,1266,135,math-bit,math-bit,periph,1.0
facebook,six-months,1752,136,two-pointers,two-pointers,periph,1.0
facebook,six-months,3507,137,heap-topk,heap-select,periph,1.0
facebook,six-months,40,138,backtracking,backtracking,core,1.0
facebook,six-months,45,139,greedy,greedy,periph,1.0
facebook,six-months,72,140,dp-grid,dp,core,1.0
facebook,six-months,84,141,monotonic-stack,stack,periph,1.0
facebook,six-months,85,142,monotonic-stack,stack,periph,1.0
facebook,six-months,104,143,tree-aggregate,tree,core,1.0
facebook,six-months,151,144,string-other,string,periph,1.0
facebook,six-months,181,145,sql,sql,trivial,1.0
facebook,six-months,189,146,two-pointers,two-pointers,periph,1.0
facebook,six-months,202,147,hashing,hashing,periph,1.0
facebook,six-months,205,148,hashing,hashing,periph,1.0
facebook,six-months,224,149,pairing-stack,stack,periph,1.0
facebook,six-months,237,150,linked-list,linked-list,periph,1.0
facebook,six-months,239,151,monotonic-stack,stack,periph,1.0
facebook,six-months,253,152,diff-array,intervals,periph,1.0
facebook,six-months,269,153,topo-sort,graph-search,core,1.0
facebook,six-months,270,154,bst,tree,periph,1.0
facebook,six-months,287,155,fast-slow,two-pointers,periph,1.0
facebook,six-months,300,156,dp-linear,dp,core,1.0
facebook,six-months,344,157,two-pointers,two-pointers,periph,1.0
facebook,six-months,415,158,string-other,string,periph,1.0
facebook,six-months,498,159,matrix-sim,matrix-sim,periph,1.0
facebook,six-months,525,160,prefix-sum,prefix-sum,periph,1.0
facebook,six-months,595,161,sql,sql,trivial,1.0
facebook,six-months,733,162,dfs-flood,graph-search,periph,1.0
facebook,six-months,791,163,greedy,greedy,periph,1.0
facebook,six-months,796,164,string-other,string,periph,1.0
facebook,six-months,994,165,bfs,graph-search,core,1.0
facebook,six-months,1143,166,dp-grid,dp,core,1.0
facebook,six-months,1339,167,dp-tree,dp,core,1.0
facebook,six-months,1382,168,bst,tree,periph,1.0
facebook,six-months,1404,169,math-bit,math-bit,periph,1.0
facebook,six-months,1971,170,union-find,graph-search,periph,1.0
facebook,six-months,3761,171,hashing,hashing,periph,1.0
facebook,six-months,6,172,string-other,string,periph,1.0
facebook,six-months,10,173,dp-grid,dp,core,1.0
facebook,six-months,19,174,fast-slow,two-pointers,periph,1.0
facebook,six-months,24,175,linked-list,linked-list,periph,1.0
facebook,six-months,28,176,string-matching,string,periph,1.0
facebook,six-months,35,177,binary-search,binary-search,periph,1.0
facebook,six-months,36,178,hashing,hashing,periph,1.0
facebook,six-months,57,179,merge-intervals,intervals,periph,1.0
facebook,six-months,61,180,linked-list,linked-list,periph,1.0
facebook,six-months,64,181,dp-grid,dp,core,1.0
facebook,six-months,80,182,two-pointers,two-pointers,periph,1.0
facebook,six-months,91,183,dp-linear,dp,core,1.0
facebook,six-months,92,184,linked-list,linked-list,periph,1.0
facebook,six-months,100,185,tree-traversal,tree,core,1.0
facebook,six-months,108,186,tree-construct,tree,periph,1.0
facebook,six-months,114,187,tree-traversal,tree,core,1.0
facebook,six-months,118,188,dp-linear,dp,core,1.0
facebook,six-months,122,189,greedy,greedy,periph,1.0
facebook,six-months,124,190,dp-tree,dp,core,1.0
facebook,six-months,135,191,greedy,greedy,periph,1.0
facebook,six-months,136,192,math-bit,math-bit,periph,1.0
facebook,six-months,137,193,math-bit,math-bit,periph,1.0
facebook,six-months,141,194,fast-slow,two-pointers,periph,1.0
facebook,six-months,148,195,linked-list,linked-list,periph,1.0
facebook,six-months,160,196,linked-list,linked-list,periph,1.0
facebook,six-months,173,197,bst,tree,periph,1.0
facebook,six-months,177,198,sql,sql,trivial,1.0
facebook,six-months,206,199,linked-list,linked-list,periph,1.0
facebook,six-months,210,200,topo-sort,graph-search,core,1.0
amazon,thirty-days,1,1,hashing,hashing,periph,1.0
amazon,thirty-days,15,2,two-pointers,two-pointers,periph,1.0
amazon,thirty-days,3,3,sliding-window,sliding-window,periph,1.0
amazon,thirty-days,42,4,monotonic-stack,stack,periph,1.0
amazon,thirty-days,200,5,dfs-flood,graph-search,periph,1.0
amazon,thirty-days,2,6,linked-list,linked-list,periph,1.0
amazon,thirty-days,4,7,binary-search,binary-search,periph,1.0
amazon,thirty-days,121,8,dp-linear,dp,core,1.0
amazon,thirty-days,5,9,string-other,string,periph,1.0
amazon,thirty-days,33,10,binary-search,binary-search,periph,1.0
amazon,thirty-days,207,11,topo-sort,graph-search,core,1.0
amazon,thirty-days,994,12,bfs,graph-search,core,1.0
amazon,thirty-days,3914,13,greedy,greedy,periph,1.0
amazon,thirty-days,11,14,two-pointers,two-pointers,periph,1.0
amazon,thirty-days,18,15,two-pointers,two-pointers,periph,1.0
amazon,thirty-days,169,16,hashing,hashing,periph,1.0
amazon,thirty-days,735,17,pairing-stack,stack,periph,1.0
amazon,thirty-days,767,18,greedy,greedy,periph,1.0
amazon,thirty-days,1674,19,diff-array,intervals,periph,1.0
amazon,thirty-days,1752,20,two-pointers,two-pointers,periph,1.0
amazon,thirty-days,9,21,math-bit,math-bit,periph,1.0
amazon,thirty-days,19,22,fast-slow,two-pointers,periph,1.0
amazon,thirty-days,26,23,two-pointers,two-pointers,periph,1.0
amazon,thirty-days,34,24,binary-search,binary-search,periph,1.0
amazon,thirty-days,46,25,backtracking,backtracking,core,1.0
amazon,thirty-days,48,26,matrix-sim,matrix-sim,periph,1.0
amazon,thirty-days,62,27,dp-grid,dp,core,1.0
amazon,thirty-days,75,28,dutch-flag,two-pointers,periph,1.0
amazon,thirty-days,76,29,sliding-window,sliding-window,periph,1.0
amazon,thirty-days,124,30,dp-tree,dp,core,1.0
amazon,thirty-days,128,31,hashing,hashing,periph,1.0
amazon,thirty-days,138,32,linked-list,linked-list,periph,1.0
amazon,thirty-days,146,33,design,design,periph,1.0
amazon,thirty-days,198,34,dp-linear,dp,core,1.0
amazon,thirty-days,210,35,topo-sort,graph-search,core,1.0
amazon,thirty-days,236,36,tree-aggregate,tree,core,1.0
amazon,thirty-days,253,37,diff-array,intervals,periph,1.0
amazon,thirty-days,283,38,two-pointers,two-pointers,periph,1.0
amazon,thirty-days,347,39,heap-topk,heap-select,periph,1.0
amazon,thirty-days,424,40,sliding-window,sliding-window,periph,1.0
amazon,thirty-days,621,41,greedy,greedy,periph,1.0
amazon,thirty-days,796,42,string-other,string,periph,1.0
amazon,thirty-days,875,43,binary-search,binary-search,periph,1.0
amazon,thirty-days,1871,44,dp-linear,dp,core,1.0
amazon,thirty-days,1929,45,trivial,trivial,trivial,1.0
amazon,thirty-days,3120,46,string-other,string,periph,1.0
amazon,thirty-days,3633,47,greedy,greedy,periph,1.0
amazon,thirty-days,7,48,math-bit,math-bit,periph,1.0
amazon,thirty-days,10,49,dp-grid,dp,core,1.0
amazon,thirty-days,14,50,string-other,string,periph,1.0
amazon,thirty-days,21,51,linked-list,linked-list,periph,1.0
amazon,thirty-days,22,52,backtracking,backtracking,core,1.0
amazon,thirty-days,23,53,heap-topk,heap-select,periph,1.0
amazon,thirty-days,27,54,two-pointers,two-pointers,periph,1.0
amazon,thirty-days,49,55,hashing,hashing,periph,1.0
amazon,thirty-days,55,56,greedy,greedy,periph,1.0
amazon,thirty-days,56,57,merge-intervals,intervals,periph,1.0
amazon,thirty-days,66,58,math-bit,math-bit,periph,1.0
amazon,thirty-days,69,59,binary-search,binary-search,periph,1.0
amazon,thirty-days,70,60,dp-linear,dp,core,1.0
amazon,thirty-days,73,61,matrix-sim,matrix-sim,periph,1.0
amazon,thirty-days,78,62,backtracking,backtracking,core,1.0
amazon,thirty-days,97,63,dp-grid,dp,core,1.0
amazon,thirty-days,125,64,two-pointers,two-pointers,periph,1.0
amazon,thirty-days,131,65,backtracking,backtracking,core,1.0
amazon,thirty-days,136,66,math-bit,math-bit,periph,1.0
amazon,thirty-days,137,67,math-bit,math-bit,periph,1.0
amazon,thirty-days,139,68,dp-linear,dp,core,1.0
amazon,thirty-days,142,69,fast-slow,two-pointers,periph,1.0
amazon,thirty-days,153,70,binary-search,binary-search,periph,1.0
amazon,thirty-days,162,71,binary-search,binary-search,periph,1.0
amazon,thirty-days,180,72,sql,sql,trivial,1.0
amazon,thirty-days,190,73,math-bit,math-bit,periph,1.0
amazon,thirty-days,204,74,number-theory,math-bit,periph,1.0
amazon,thirty-days,205,75,hashing,hashing,periph,1.0
amazon,thirty-days,217,76,hashing,hashing,periph,1.0
amazon,thirty-days,232,77,design,design,periph,1.0
amazon,thirty-days,239,78,monotonic-stack,stack,periph,1.0
amazon,thirty-days,295,79,heap-topk,heap-select,periph,1.0
amazon,thirty-days,300,80,dp-linear,dp,core,1.0
amazon,thirty-days,337,81,dp-tree,dp,core,1.0
amazon,thirty-days,394,82,pairing-stack,stack,periph,1.0
amazon,thirty-days,417,83,dfs-flood,graph-search,periph,1.0
amazon,thirty-days,543,84,tree-aggregate,tree,core,1.0
amazon,thirty-days,560,85,prefix-sum,prefix-sum,periph,1.0
amazon,thirty-days,763,86,greedy,greedy,periph,1.0
amazon,thirty-days,863,87,bfs,graph-search,core,1.0
amazon,thirty-days,904,88,sliding-window,sliding-window,periph,1.0
amazon,thirty-days,1011,89,binary-search,binary-search,periph,1.0
amazon,thirty-days,1345,90,bfs,graph-search,core,1.0
amazon,thirty-days,1482,91,binary-search,binary-search,periph,1.0
amazon,thirty-days,1494,92,dp-bitmask,dp,core,1.0
amazon,thirty-days,1665,93,greedy,greedy,periph,1.0
amazon,thirty-days,1691,94,dp-linear,dp,core,1.0
amazon,thirty-days,1823,95,math-bit,math-bit,periph,1.0
amazon,thirty-days,1934,96,sql,sql,trivial,1.0
amazon,thirty-days,2050,97,topo-sort,graph-search,core,1.0
amazon,thirty-days,2661,98,hashing,hashing,periph,1.0
amazon,thirty-days,3043,99,trie,tree,periph,1.0
amazon,thirty-days,3413,100,prefix-sum,prefix-sum,periph,1.0
amazon,thirty-days,3462,101,heap-topk,heap-select,periph,1.0
amazon,thirty-days,3635,102,greedy,greedy,periph,1.0
amazon,thirty-days,3660,103,dp-linear,dp,core,1.0
amazon,thirty-days,3928,104,dijkstra,graph-search,core,1.0
amazon,more-than-six-months,1,1,hashing,hashing,periph,1.0
amazon,more-than-six-months,146,2,design,design,periph,1.0
amazon,more-than-six-months,42,3,monotonic-stack,stack,periph,1.0
amazon,more-than-six-months,200,4,dfs-flood,graph-search,periph,1.0
amazon,more-than-six-months,121,5,dp-linear,dp,core,1.0
amazon,more-than-six-months,3,6,sliding-window,sliding-window,periph,1.0
amazon,more-than-six-months,49,7,hashing,hashing,periph,1.0
amazon,more-than-six-months,767,8,greedy,greedy,periph,1.0
amazon,more-than-six-months,5,9,string-other,string,periph,1.0
amazon,more-than-six-months,2,10,linked-list,linked-list,periph,1.0
amazon,more-than-six-months,15,11,two-pointers,two-pointers,periph,1.0
amazon,more-than-six-months,56,12,merge-intervals,intervals,periph,1.0
amazon,more-than-six-months,4,13,binary-search,binary-search,periph,1.0
amazon,more-than-six-months,11,14,two-pointers,two-pointers,periph,1.0
amazon,more-than-six-months,20,15,pairing-stack,stack,periph,1.0
amazon,more-than-six-months,88,16,two-pointers,two-pointers,periph,1.0
amazon,more-than-six-months,875,17,binary-search,binary-search,periph,1.0
amazon,more-than-six-months,207,18,topo-sort,graph-search,core,1.0
amazon,more-than-six-months,14,19,string-other,string,periph,1.0
amazon,more-than-six-months,994,20,bfs,graph-search,core,1.0
amazon,more-than-six-months,23,21,heap-topk,heap-select,periph,1.0
amazon,more-than-six-months,347,22,heap-topk,heap-select,periph,1.0
amazon,more-than-six-months,560,23,prefix-sum,prefix-sum,periph,1.0
amazon,more-than-six-months,53,24,dp-linear,dp,core,1.0
amazon,more-than-six-months,138,25,linked-list,linked-list,periph,1.0
amazon,more-than-six-months,33,26,binary-search,binary-search,periph,1.0
amazon,more-than-six-months,128,27,hashing,hashing,periph,1.0
amazon,more-than-six-months,22,28,backtracking,backtracking,core,1.0
amazon,more-than-six-months,127,29,bfs,graph-search,core,1.0
amazon,more-than-six-months,9,30,math-bit,math-bit,periph,1.0
amazon,more-than-six-months,55,31,greedy,greedy,periph,1.0
amazon,more-than-six-months,236,32,tree-aggregate,tree,core,1.0
amazon,more-than-six-months,210,33,topo-sort,graph-search,core,1.0
amazon,more-than-six-months,169,34,hashing,hashing,periph,1.0
amazon,more-than-six-months,238,35,prefix-sum,prefix-sum,periph,1.0
amazon,more-than-six-months,198,36,dp-linear,dp,core,1.0
amazon,more-than-six-months,79,37,backtracking,backtracking,core,1.0
amazon,more-than-six-months,70,38,dp-linear,dp,core,1.0
amazon,more-than-six-months,54,39,matrix-sim,matrix-sim,periph,1.0
amazon,more-than-six-months,21,40,linked-list,linked-list,periph,1.0
amazon,more-than-six-months,1152,41,hashing,hashing,periph,1.0
amazon,more-than-six-months,322,42,dp-knapsack,dp,core,1.0
amazon,more-than-six-months,17,43,backtracking,backtracking,core,1.0
amazon,more-than-six-months,31,44,two-pointers,two-pointers,periph,1.0
amazon,more-than-six-months,1768,45,string-other,string,periph,1.0
amazon,more-than-six-months,295,46,heap-topk,heap-select,periph,1.0
amazon,more-than-six-months,13,47,string-other,string,periph,1.0
amazon,more-than-six-months,215,48,heap-topk,heap-select,periph,1.0
amazon,more-than-six-months,621,49,greedy,greedy,periph,1.0
amazon,more-than-six-months,239,50,monotonic-stack,stack,periph,1.0
amazon,more-than-six-months,253,51,diff-array,intervals,periph,1.0
amazon,more-than-six-months,2667,52,trivial,trivial,trivial,1.0
amazon,more-than-six-months,26,53,two-pointers,two-pointers,periph,1.0
amazon,more-than-six-months,1757,54,sql,sql,trivial,1.0
amazon,more-than-six-months,380,55,design,design,periph,1.0
amazon,more-than-six-months,3371,56,hashing,hashing,periph,1.0
amazon,more-than-six-months,7,57,math-bit,math-bit,periph,1.0
amazon,more-than-six-months,48,58,matrix-sim,matrix-sim,periph,1.0
amazon,more-than-six-months,118,59,dp-linear,dp,core,1.0
amazon,more-than-six-months,242,60,hashing,hashing,periph,1.0
amazon,more-than-six-months,45,61,greedy,greedy,periph,1.0
amazon,more-than-six-months,84,62,monotonic-stack,stack,periph,1.0
amazon,more-than-six-months,34,63,binary-search,binary-search,periph,1.0
amazon,more-than-six-months,162,64,binary-search,binary-search,periph,1.0
amazon,more-than-six-months,122,65,greedy,greedy,periph,1.0
amazon,more-than-six-months,36,66,hashing,hashing,periph,1.0
amazon,more-than-six-months,51,67,backtracking,backtracking,core,1.0
amazon,more-than-six-months,62,68,dp-grid,dp,core,1.0
amazon,more-than-six-months,41,69,hashing,hashing,periph,1.0
amazon,more-than-six-months,103,70,bfs,graph-search,core,1.0
amazon,more-than-six-months,124,71,dp-tree,dp,core,1.0
amazon,more-than-six-months,283,72,two-pointers,two-pointers,periph,1.0
amazon,more-than-six-months,76,73,sliding-window,sliding-window,periph,1.0
amazon,more-than-six-months,78,74,backtracking,backtracking,core,1.0
amazon,more-than-six-months,139,75,dp-linear,dp,core,1.0
amazon,more-than-six-months,10,76,dp-grid,dp,core,1.0
amazon,more-than-six-months,189,77,two-pointers,two-pointers,periph,1.0
amazon,more-than-six-months,25,78,linked-list,linked-list,periph,1.0
amazon,more-than-six-months,424,79,sliding-window,sliding-window,periph,1.0
amazon,more-than-six-months,735,80,pairing-stack,stack,periph,1.0
amazon,more-than-six-months,75,81,dutch-flag,two-pointers,periph,1.0
amazon,more-than-six-months,739,82,monotonic-stack,stack,periph,1.0
amazon,more-than-six-months,74,83,binary-search,binary-search,periph,1.0
amazon,more-than-six-months,155,84,design,design,periph,1.0
amazon,more-than-six-months,540,85,binary-search,binary-search,periph,1.0
amazon,more-than-six-months,297,86,tree-construct,tree,periph,1.0
amazon,more-than-six-months,50,87,math-bit,math-bit,periph,1.0
amazon,more-than-six-months,136,88,math-bit,math-bit,periph,1.0
amazon,more-than-six-months,1011,89,binary-search,binary-search,periph,1.0
amazon,more-than-six-months,134,90,greedy,greedy,periph,1.0
amazon,more-than-six-months,206,91,linked-list,linked-list,periph,1.0
amazon,more-than-six-months,460,92,design,design,periph,1.0
amazon,more-than-six-months,1004,93,sliding-window,sliding-window,periph,1.0
amazon,more-than-six-months,39,94,backtracking,backtracking,core,1.0
amazon,more-than-six-months,212,95,trie,tree,periph,1.0
amazon,more-than-six-months,268,96,math-bit,math-bit,periph,1.0
amazon,more-than-six-months,18,97,two-pointers,two-pointers,periph,1.0
amazon,more-than-six-months,35,98,binary-search,binary-search,periph,1.0
amazon,more-than-six-months,863,99,bfs,graph-search,core,1.0
amazon,more-than-six-months,135,100,greedy,greedy,periph,1.0
amazon,more-than-six-months,273,101,string-other,string,periph,1.0
amazon,more-than-six-months,472,102,trie,tree,periph,1.0
amazon,more-than-six-months,503,103,monotonic-stack,stack,periph,1.0
amazon,more-than-six-months,69,104,binary-search,binary-search,periph,1.0
amazon,more-than-six-months,733,105,dfs-flood,graph-search,periph,1.0
amazon,more-than-six-months,904,106,sliding-window,sliding-window,periph,1.0
amazon,more-than-six-months,6,107,string-other,string,periph,1.0
amazon,more-than-six-months,12,108,string-other,string,periph,1.0
amazon,more-than-six-months,140,109,backtracking,backtracking,core,1.0
amazon,more-than-six-months,199,110,bfs,graph-search,core,1.0
amazon,more-than-six-months,227,111,pairing-stack,stack,periph,1.0
amazon,more-than-six-months,27,112,two-pointers,two-pointers,periph,1.0
amazon,more-than-six-months,224,113,pairing-stack,stack,periph,1.0
amazon,more-than-six-months,234,114,fast-slow,two-pointers,periph,1.0
amazon,more-than-six-months,287,115,fast-slow,two-pointers,periph,1.0
amazon,more-than-six-months,300,116,dp-linear,dp,core,1.0
amazon,more-than-six-months,73,117,matrix-sim,matrix-sim,periph,1.0
amazon,more-than-six-months,102,118,bfs,graph-search,core,1.0
amazon,more-than-six-months,443,119,two-pointers,two-pointers,periph,1.0
amazon,more-than-six-months,1235,120,dp-interval,dp,core,1.0
amazon,more-than-six-months,46,121,backtracking,backtracking,core,1.0
amazon,more-than-six-months,72,122,dp-grid,dp,core,1.0
amazon,more-than-six-months,151,123,string-other,string,periph,1.0
amazon,more-than-six-months,152,124,dp-linear,dp,core,1.0
amazon,more-than-six-months,217,125,hashing,hashing,periph,1.0
amazon,more-than-six-months,547,126,union-find,graph-search,periph,1.0
amazon,more-than-six-months,876,127,fast-slow,two-pointers,periph,1.0
amazon,more-than-six-months,973,128,heap-topk,heap-select,periph,1.0
amazon,more-than-six-months,496,129,monotonic-stack,stack,periph,1.0
amazon,more-than-six-months,543,130,tree-aggregate,tree,core,1.0
amazon,more-than-six-months,131,131,backtracking,backtracking,core,1.0
amazon,more-than-six-months,399,132,union-find,graph-search,periph,1.0
amazon,more-than-six-months,328,133,linked-list,linked-list,periph,1.0
amazon,more-than-six-months,28,134,string-matching,string,periph,1.0
amazon,more-than-six-months,167,135,two-pointers,two-pointers,periph,1.0
amazon,more-than-six-months,179,136,greedy,greedy,periph,1.0
amazon,more-than-six-months,202,137,hashing,hashing,periph,1.0
amazon,more-than-six-months,387,138,hashing,hashing,periph,1.0
amazon,more-than-six-months,416,139,dp-knapsack,dp,core,1.0
amazon,more-than-six-months,143,140,linked-list,linked-list,periph,1.0
amazon,more-than-six-months,3434,141,sliding-window,sliding-window,periph,1.0
amazon,more-than-six-months,37,142,backtracking,backtracking,core,1.0
amazon,more-than-six-months,150,143,pairing-stack,stack,periph,1.0
amazon,more-than-six-months,349,144,hashing,hashing,periph,1.0
amazon,more-than-six-months,410,145,binary-search,binary-search,periph,1.0
amazon,more-than-six-months,125,146,two-pointers,two-pointers,periph,1.0
amazon,more-than-six-months,509,147,dp-linear,dp,core,1.0
amazon,more-than-six-months,2055,148,prefix-sum,prefix-sum,periph,1.0
amazon,more-than-six-months,8,149,string-other,string,periph,1.0
amazon,more-than-six-months,61,150,linked-list,linked-list,periph,1.0
amazon,more-than-six-months,66,151,math-bit,math-bit,periph,1.0
amazon,more-than-six-months,98,152,bst,tree,periph,1.0
amazon,more-than-six-months,101,153,tree-traversal,tree,core,1.0
amazon,more-than-six-months,141,154,fast-slow,two-pointers,periph,1.0
amazon,more-than-six-months,219,155,hashing,hashing,periph,1.0
amazon,more-than-six-months,907,156,monotonic-stack,stack,periph,1.0
amazon,more-than-six-months,19,157,fast-slow,two-pointers,periph,1.0
amazon,more-than-six-months,32,158,pairing-stack,stack,periph,1.0
amazon,more-than-six-months,80,159,two-pointers,two-pointers,periph,1.0
amazon,more-than-six-months,1492,160,math-bit,math-bit,periph,1.0
amazon,more-than-six-months,104,161,tree-aggregate,tree,core,1.0
amazon,more-than-six-months,105,162,tree-construct,tree,periph,1.0
amazon,more-than-six-months,110,163,tree-aggregate,tree,core,1.0
amazon,more-than-six-months,852,164,binary-search,binary-search,periph,1.0
amazon,more-than-six-months,90,165,backtracking,backtracking,core,1.0
amazon,more-than-six-months,205,166,hashing,hashing,periph,1.0
amazon,more-than-six-months,394,167,pairing-stack,stack,periph,1.0
amazon,more-than-six-months,412,168,trivial,trivial,trivial,1.0
amazon,more-than-six-months,16,169,two-pointers,two-pointers,periph,1.0
amazon,more-than-six-months,116,170,tree-traversal,tree,core,1.0
amazon,more-than-six-months,209,171,sliding-window,sliding-window,periph,1.0
amazon,more-than-six-months,230,172,bst,tree,periph,1.0
amazon,more-than-six-months,485,173,sliding-window,sliding-window,periph,1.0
amazon,more-than-six-months,494,174,dp-knapsack,dp,core,1.0
amazon,more-than-six-months,1148,175,sql,sql,trivial,1.0
amazon,more-than-six-months,1650,176,tree-traversal,tree,core,1.0
amazon,more-than-six-months,64,177,dp-grid,dp,core,1.0
amazon,more-than-six-months,67,178,math-bit,math-bit,periph,1.0
amazon,more-than-six-months,92,179,linked-list,linked-list,periph,1.0
amazon,more-than-six-months,987,180,bfs,graph-search,core,1.0
amazon,more-than-six-months,1752,181,two-pointers,two-pointers,periph,1.0
amazon,more-than-six-months,2357,182,greedy,greedy,periph,1.0
amazon,more-than-six-months,71,183,pairing-stack,stack,periph,1.0
amazon,more-than-six-months,100,184,tree-traversal,tree,core,1.0
amazon,more-than-six-months,153,185,binary-search,binary-search,periph,1.0
amazon,more-than-six-months,981,186,design,design,periph,1.0
amazon,more-than-six-months,1268,187,trie,tree,periph,1.0
amazon,more-than-six-months,417,188,dfs-flood,graph-search,periph,1.0
amazon,more-than-six-months,567,189,sliding-window,sliding-window,periph,1.0
amazon,more-than-six-months,130,190,dfs-flood,graph-search,periph,1.0
amazon,more-than-six-months,181,191,sql,sql,trivial,1.0
amazon,more-than-six-months,226,192,tree-traversal,tree,core,1.0
amazon,more-than-six-months,528,193,binary-search,binary-search,periph,1.0
amazon,more-than-six-months,29,194,math-bit,math-bit,periph,1.0
amazon,more-than-six-months,85,195,monotonic-stack,stack,periph,1.0
amazon,more-than-six-months,240,196,binary-search,binary-search,periph,1.0
amazon,more-than-six-months,438,197,sliding-window,sliding-window,periph,1.0
amazon,more-than-six-months,796,198,string-other,string,periph,1.0
amazon,more-than-six-months,909,199,bfs,graph-search,core,1.0
amazon,more-than-six-months,2214,200,dp-linear,dp,core,1.0
amazon,six-months,1,1,hashing,hashing,periph,1.0
amazon,six-months,42,2,monotonic-stack,stack,periph,1.0
amazon,six-months,3,3,sliding-window,sliding-window,periph,1.0
amazon,six-months,146,4,design,design,periph,1.0
amazon,six-months,121,5,dp-linear,dp,core,1.0
amazon,six-months,2,6,linked-list,linked-list,periph,1.0
amazon,six-months,200,7,dfs-flood,graph-search,periph,1.0
amazon,six-months,11,8,two-pointers,two-pointers,periph,1.0
amazon,six-months,15,9,two-pointers,two-pointers,periph,1.0
amazon,six-months,4,10,binary-search,binary-search,periph,1.0
amazon,six-months,23,11,heap-topk,heap-select,periph,1.0
amazon,six-months,56,12,merge-intervals,intervals,periph,1.0
amazon,six-months,560,13,prefix-sum,prefix-sum,periph,1.0
amazon,six-months,5,14,string-other,string,periph,1.0
amazon,six-months,49,15,hashing,hashing,periph,1.0
amazon,six-months,14,16,string-other,string,periph,1.0
amazon,six-months,33,17,binary-search,binary-search,periph,1.0
amazon,six-months,207,18,topo-sort,graph-search,core,1.0
amazon,six-months,994,19,bfs,graph-search,core,1.0
amazon,six-months,875,20,binary-search,binary-search,periph,1.0
amazon,six-months,9,21,math-bit,math-bit,periph,1.0
amazon,six-months,22,22,backtracking,backtracking,core,1.0
amazon,six-months,236,23,tree-aggregate,tree,core,1.0
amazon,six-months,128,24,hashing,hashing,periph,1.0
amazon,six-months,767,25,greedy,greedy,periph,1.0
amazon,six-months,1929,26,trivial,trivial,trivial,1.0
amazon,six-months,169,27,hashing,hashing,periph,1.0
amazon,six-months,20,28,pairing-stack,stack,periph,1.0
amazon,six-months,70,29,dp-linear,dp,core,1.0
amazon,six-months,17,30,backtracking,backtracking,core,1.0
amazon,six-months,21,31,linked-list,linked-list,periph,1.0
amazon,six-months,18,32,two-pointers,two-pointers,periph,1.0
amazon,six-months,735,33,pairing-stack,stack,periph,1.0
amazon,six-months,53,34,dp-linear,dp,core,1.0
amazon,six-months,1004,35,sliding-window,sliding-window,periph,1.0
amazon,six-months,904,36,sliding-window,sliding-window,periph,1.0
amazon,six-months,31,37,two-pointers,two-pointers,periph,1.0
amazon,six-months,62,38,dp-grid,dp,core,1.0
amazon,six-months,69,39,binary-search,binary-search,periph,1.0
amazon,six-months,75,40,dutch-flag,two-pointers,periph,1.0
amazon,six-months,198,41,dp-linear,dp,core,1.0
amazon,six-months,242,42,hashing,hashing,periph,1.0
amazon,six-months,347,43,heap-topk,heap-select,periph,1.0
amazon,six-months,28,44,string-matching,string,periph,1.0
amazon,six-months,48,45,matrix-sim,matrix-sim,periph,1.0
amazon,six-months,136,46,math-bit,math-bit,periph,1.0
amazon,six-months,424,47,sliding-window,sliding-window,periph,1.0
amazon,six-months,26,48,two-pointers,two-pointers,periph,1.0
amazon,six-months,138,49,linked-list,linked-list,periph,1.0
amazon,six-months,239,50,monotonic-stack,stack,periph,1.0
amazon,six-months,621,51,greedy,greedy,periph,1.0
amazon,six-months,35,52,binary-search,binary-search,periph,1.0
amazon,six-months,78,53,backtracking,backtracking,core,1.0
amazon,six-months,127,54,bfs,graph-search,core,1.0
amazon,six-months,143,55,linked-list,linked-list,periph,1.0
amazon,six-months,217,56,hashing,hashing,periph,1.0
amazon,six-months,6,57,string-other,string,periph,1.0
amazon,six-months,27,58,two-pointers,two-pointers,periph,1.0
amazon,six-months,283,59,two-pointers,two-pointers,periph,1.0
amazon,six-months,55,60,greedy,greedy,periph,1.0
amazon,six-months,118,61,dp-linear,dp,core,1.0
amazon,six-months,162,62,binary-search,binary-search,periph,1.0
amazon,six-months,234,63,fast-slow,two-pointers,periph,1.0
amazon,six-months,238,64,prefix-sum,prefix-sum,periph,1.0
amazon,six-months,19,65,fast-slow,two-pointers,periph,1.0
amazon,six-months,54,66,matrix-sim,matrix-sim,periph,1.0
amazon,six-months,66,67,math-bit,math-bit,periph,1.0
amazon,six-months,176,68,sql,sql,trivial,1.0
amazon,six-months,215,69,heap-topk,heap-select,periph,1.0
amazon,six-months,253,70,diff-array,intervals,periph,1.0
amazon,six-months,1011,71,binary-search,binary-search,periph,1.0
amazon,six-months,7,72,math-bit,math-bit,periph,1.0
amazon,six-months,16,73,two-pointers,two-pointers,periph,1.0
amazon,six-months,34,74,binary-search,binary-search,periph,1.0
amazon,six-months,41,75,hashing,hashing,periph,1.0
amazon,six-months,51,76,backtracking,backtracking,core,1.0
amazon,six-months,125,77,two-pointers,two-pointers,periph,1.0
amazon,six-months,139,78,dp-linear,dp,core,1.0
amazon,six-months,155,79,design,design,periph,1.0
amazon,six-months,175,80,sql,sql,trivial,1.0
amazon,six-months,36,81,hashing,hashing,periph,1.0
amazon,six-months,45,82,greedy,greedy,periph,1.0
amazon,six-months,46,83,backtracking,backtracking,core,1.0
amazon,six-months,76,84,sliding-window,sliding-window,periph,1.0
amazon,six-months,88,85,two-pointers,two-pointers,periph,1.0
amazon,six-months,199,86,bfs,graph-search,core,1.0
amazon,six-months,287,87,fast-slow,two-pointers,periph,1.0
amazon,six-months,295,88,heap-topk,heap-select,periph,1.0
amazon,six-months,387,89,hashing,hashing,periph,1.0
amazon,six-months,496,90,monotonic-stack,stack,periph,1.0
amazon,six-months,540,91,binary-search,binary-search,periph,1.0
amazon,six-months,796,92,string-other,string,periph,1.0
amazon,six-months,852,93,binary-search,binary-search,periph,1.0
amazon,six-months,907,94,monotonic-stack,stack,periph,1.0
amazon,six-months,981,95,design,design,periph,1.0
amazon,six-months,1648,96,binary-search,binary-search,periph,1.0
amazon,six-months,8,97,string-other,string,periph,1.0
amazon,six-months,74,98,binary-search,binary-search,periph,1.0
amazon,six-months,79,99,backtracking,backtracking,core,1.0
amazon,six-months,98,100,bst,tree,periph,1.0
amazon,six-months,122,101,greedy,greedy,periph,1.0
amazon,six-months,142,102,fast-slow,two-pointers,periph,1.0
amazon,six-months,210,103,topo-sort,graph-search,core,1.0
amazon,six-months,658,104,binary-search,binary-search,periph,1.0
amazon,six-months,32,105,pairing-stack,stack,periph,1.0
amazon,six-months,58,106,string-other,string,periph,1.0
amazon,six-months,84,107,monotonic-stack,stack,periph,1.0
amazon,six-months,110,108,tree-aggregate,tree,core,1.0
amazon,six-months,124,109,dp-tree,dp,core,1.0
amazon,six-months,189,110,two-pointers,two-pointers,periph,1.0
amazon,six-months,204,111,number-theory,math-bit,periph,1.0
amazon,six-months,240,112,binary-search,binary-search,periph,1.0
amazon,six-months,322,113,dp-knapsack,dp,core,1.0
amazon,six-months,443,114,two-pointers,two-pointers,periph,1.0
amazon,six-months,503,115,monotonic-stack,stack,periph,1.0
amazon,six-months,543,116,tree-aggregate,tree,core,1.0
amazon,six-months,739,117,monotonic-stack,stack,periph,1.0
amazon,six-months,1482,118,binary-search,binary-search,periph,1.0
amazon,six-months,1752,119,two-pointers,two-pointers,periph,1.0
amazon,six-months,3010,120,greedy,greedy,periph,1.0
amazon,six-months,3752,121,greedy,greedy,periph,1.0
amazon,six-months,50,122,math-bit,math-bit,periph,1.0
amazon,six-months,61,123,linked-list,linked-list,periph,1.0
amazon,six-months,73,124,matrix-sim,matrix-sim,periph,1.0
amazon,six-months,135,125,greedy,greedy,periph,1.0
amazon,six-months,152,126,dp-linear,dp,core,1.0
amazon,six-months,179,127,greedy,greedy,periph,1.0
amazon,six-months,209,128,sliding-window,sliding-window,periph,1.0
amazon,six-months,349,129,hashing,hashing,periph,1.0
amazon,six-months,394,130,pairing-stack,stack,periph,1.0
amazon,six-months,410,131,binary-search,binary-search,periph,1.0
amazon,six-months,435,132,greedy,greedy,periph,1.0
amazon,six-months,485,133,sliding-window,sliding-window,periph,1.0
amazon,six-months,863,134,bfs,graph-search,core,1.0
amazon,six-months,987,135,bfs,graph-search,core,1.0
amazon,six-months,1757,136,sql,sql,trivial,1.0
amazon,six-months,13,137,string-other,string,periph,1.0
amazon,six-months,38,138,string-other,string,periph,1.0
amazon,six-months,67,139,math-bit,math-bit,periph,1.0
amazon,six-months,83,140,linked-list,linked-list,periph,1.0
amazon,six-months,153,141,binary-search,binary-search,periph,1.0
amazon,six-months,160,142,linked-list,linked-list,periph,1.0
amazon,six-months,202,143,hashing,hashing,periph,1.0
amazon,six-months,219,144,hashing,hashing,periph,1.0
amazon,six-months,258,145,math-bit,math-bit,periph,1.0
amazon,six-months,268,146,math-bit,math-bit,periph,1.0
amazon,six-months,297,147,tree-construct,tree,periph,1.0
amazon,six-months,300,148,dp-linear,dp,core,1.0
amazon,six-months,328,149,linked-list,linked-list,periph,1.0
amazon,six-months,380,150,design,design,periph,1.0
amazon,six-months,416,151,dp-knapsack,dp,core,1.0
amazon,six-months,472,152,trie,tree,periph,1.0
amazon,six-months,493,153,binary-search,binary-search,periph,1.0
amazon,six-months,509,154,dp-linear,dp,core,1.0
amazon,six-months,876,155,fast-slow,two-pointers,periph,1.0
amazon,six-months,977,156,two-pointers,two-pointers,periph,1.0
amazon,six-months,992,157,sliding-window,sliding-window,periph,1.0
amazon,six-months,2385,158,bfs,graph-search,core,1.0
amazon,six-months,2488,159,prefix-sum,prefix-sum,periph,1.0
amazon,six-months,10,160,dp-grid,dp,core,1.0
amazon,six-months,12,161,string-other,string,periph,1.0
amazon,six-months,39,162,backtracking,backtracking,core,1.0
amazon,six-months,97,163,dp-grid,dp,core,1.0
amazon,six-months,100,164,tree-traversal,tree,core,1.0
amazon,six-months,134,165,greedy,greedy,periph,1.0
amazon,six-months,141,166,fast-slow,two-pointers,periph,1.0
amazon,six-months,151,167,string-other,string,periph,1.0
amazon,six-months,224,168,pairing-stack,stack,periph,1.0
amazon,six-months,451,169,heap-topk,heap-select,periph,1.0
amazon,six-months,455,170,greedy,greedy,periph,1.0
amazon,six-months,567,171,sliding-window,sliding-window,periph,1.0
amazon,six-months,680,172,two-pointers,two-pointers,periph,1.0
amazon,six-months,696,173,string-other,string,periph,1.0
amazon,six-months,704,174,binary-search,binary-search,periph,1.0
amazon,six-months,733,175,dfs-flood,graph-search,periph,1.0
amazon,six-months,901,176,monotonic-stack,stack,periph,1.0
amazon,six-months,1480,177,prefix-sum,prefix-sum,periph,1.0
amazon,six-months,2235,178,trivial,trivial,trivial,1.0
amazon,six-months,2910,179,greedy,greedy,periph,1.0
amazon,six-months,3914,180,greedy,greedy,periph,1.0
amazon,six-months,25,181,linked-list,linked-list,periph,1.0
amazon,six-months,63,182,dp-grid,dp,core,1.0
amazon,six-months,85,183,monotonic-stack,stack,periph,1.0
amazon,six-months,86,184,linked-list,linked-list,periph,1.0
amazon,six-months,94,185,tree-traversal,tree,core,1.0
amazon,six-months,150,186,pairing-stack,stack,periph,1.0
amazon,six-months,174,187,dp-grid,dp,core,1.0
amazon,six-months,181,188,sql,sql,trivial,1.0
amazon,six-months,190,189,math-bit,math-bit,periph,1.0
amazon,six-months,197,190,sql,sql,trivial,1.0
amazon,six-months,205,191,hashing,hashing,periph,1.0
amazon,six-months,206,192,linked-list,linked-list,periph,1.0
amazon,six-months,212,193,trie,tree,periph,1.0
amazon,six-months,274,194,hashing,hashing,periph,1.0
amazon,six-months,278,195,binary-search,binary-search,periph,1.0
amazon,six-months,344,196,two-pointers,two-pointers,periph,1.0
amazon,six-months,383,197,hashing,hashing,periph,1.0
amazon,six-months,456,198,monotonic-stack,stack,periph,1.0
amazon,six-months,460,199,design,design,periph,1.0
amazon,six-months,528,200,binary-search,binary-search,periph,1.0
microsoft,all,1,1,hashing,hashing,periph,1.0
microsoft,all,2,2,linked-list,linked-list,periph,1.0
microsoft,all,3,3,sliding-window,sliding-window,periph,1.0
microsoft,all,146,4,design,design,periph,1.0
microsoft,all,5,5,string-other,string,periph,1.0
microsoft,all,42,6,monotonic-stack,stack,periph,1.0
microsoft,all,121,7,dp-linear,dp,core,1.0
microsoft,all,88,8,two-pointers,two-pointers,periph,1.0
microsoft,all,4,9,binary-search,binary-search,periph,1.0
microsoft,all,53,10,dp-linear,dp,core,1.0
microsoft,all,200,11,dfs-flood,graph-search,periph,1.0
microsoft,all,15,12,two-pointers,two-pointers,periph,1.0
microsoft,all,560,13,prefix-sum,prefix-sum,periph,1.0
microsoft,all,14,14,string-other,string,periph,1.0
microsoft,all,56,15,merge-intervals,intervals,periph,1.0
microsoft,all,9,16,math-bit,math-bit,periph,1.0
microsoft,all,20,17,pairing-stack,stack,periph,1.0
microsoft,all,49,18,hashing,hashing,periph,1.0
microsoft,all,169,19,hashing,hashing,periph,1.0
microsoft,all,26,20,two-pointers,two-pointers,periph,1.0
microsoft,all,11,21,two-pointers,two-pointers,periph,1.0
microsoft,all,33,22,binary-search,binary-search,periph,1.0
microsoft,all,13,23,string-other,string,periph,1.0
microsoft,all,2667,24,trivial,trivial,trivial,1.0
microsoft,all,54,25,matrix-sim,matrix-sim,periph,1.0
microsoft,all,48,26,matrix-sim,matrix-sim,periph,1.0
microsoft,all,70,27,dp-linear,dp,core,1.0
microsoft,all,1768,28,string-other,string,periph,1.0
microsoft,all,23,29,heap-topk,heap-select,periph,1.0
microsoft,all,21,30,linked-list,linked-list,periph,1.0
microsoft,all,206,31,linked-list,linked-list,periph,1.0
microsoft,all,75,32,dutch-flag,two-pointers,periph,1.0
microsoft,all,283,33,two-pointers,two-pointers,periph,1.0
microsoft,all,22,34,backtracking,backtracking,core,1.0
microsoft,all,31,35,two-pointers,two-pointers,periph,1.0
microsoft,all,238,36,prefix-sum,prefix-sum,periph,1.0
microsoft,all,875,37,binary-search,binary-search,periph,1.0
microsoft,all,1757,38,sql,sql,trivial,1.0
microsoft,all,7,39,math-bit,math-bit,periph,1.0
microsoft,all,189,40,two-pointers,two-pointers,periph,1.0
microsoft,all,25,41,linked-list,linked-list,periph,1.0
microsoft,all,128,42,hashing,hashing,periph,1.0
microsoft,all,162,43,binary-search,binary-search,periph,1.0
microsoft,all,215,44,heap-topk,heap-select,periph,1.0
microsoft,all,242,45,hashing,hashing,periph,1.0
microsoft,all,55,46,greedy,greedy,periph,1.0
microsoft,all,297,47,tree-construct,tree,periph,1.0
microsoft,all,125,48,two-pointers,two-pointers,periph,1.0
microsoft,all,151,49,string-other,string,periph,1.0
microsoft,all,253,50,diff-array,intervals,periph,1.0
microsoft,all,540,51,binary-search,binary-search,periph,1.0
microsoft,all,27,52,two-pointers,two-pointers,periph,1.0
microsoft,all,198,53,dp-linear,dp,core,1.0
microsoft,all,17,54,backtracking,backtracking,core,1.0
microsoft,all,73,55,matrix-sim,matrix-sim,periph,1.0
microsoft,all,79,56,backtracking,backtracking,core,1.0
microsoft,all,217,57,hashing,hashing,periph,1.0
microsoft,all,273,58,string-other,string,periph,1.0
microsoft,all,236,59,tree-aggregate,tree,core,1.0
microsoft,all,35,60,binary-search,binary-search,periph,1.0
microsoft,all,51,61,backtracking,backtracking,core,1.0
microsoft,all,103,62,bfs,graph-search,core,1.0
microsoft,all,138,63,linked-list,linked-list,periph,1.0
microsoft,all,155,64,design,design,periph,1.0
microsoft,all,28,65,string-matching,string,periph,1.0
microsoft,all,46,66,backtracking,backtracking,core,1.0
microsoft,all,34,67,binary-search,binary-search,periph,1.0
microsoft,all,50,68,math-bit,math-bit,periph,1.0
microsoft,all,102,69,bfs,graph-search,core,1.0
microsoft,all,295,70,heap-topk,heap-select,periph,1.0
microsoft,all,300,71,dp-linear,dp,core,1.0
microsoft,all,347,72,heap-topk,heap-select,periph,1.0
microsoft,all,45,73,greedy,greedy,periph,1.0
microsoft,all,64,74,dp-grid,dp,core,1.0
microsoft,all,2858,75,graph-other,graph-search,periph,1.0
microsoft,all,202,76,hashing,hashing,periph,1.0
microsoft,all,443,77,two-pointers,two-pointers,periph,1.0
microsoft,all,994,78,bfs,graph-search,core,1.0
microsoft,all,8,79,string-other,string,periph,1.0
microsoft,all,18,80,two-pointers,two-pointers,periph,1.0
microsoft,all,141,81,fast-slow,two-pointers,periph,1.0
microsoft,all,322,82,dp-knapsack,dp,core,1.0
microsoft,all,567,83,sliding-window,sliding-window,periph,1.0
microsoft,all,19,84,fast-slow,two-pointers,periph,1.0
microsoft,all,84,85,monotonic-stack,stack,periph,1.0
microsoft,all,424,86,sliding-window,sliding-window,periph,1.0
microsoft,all,12,87,string-other,string,periph,1.0
microsoft,all,78,88,backtracking,backtracking,core,1.0
microsoft,all,98,89,bst,tree,periph,1.0
microsoft,all,239,90,monotonic-stack,stack,periph,1.0
microsoft,all,739,91,monotonic-stack,stack,periph,1.0
microsoft,all,153,92,binary-search,binary-search,periph,1.0
microsoft,all,76,93,sliding-window,sliding-window,periph,1.0
microsoft,all,93,94,backtracking,backtracking,core,1.0
microsoft,all,118,95,dp-linear,dp,core,1.0
microsoft,all,1004,96,sliding-window,sliding-window,periph,1.0
microsoft,all,74,97,binary-search,binary-search,periph,1.0
microsoft,all,122,98,greedy,greedy,periph,1.0
microsoft,all,139,99,dp-linear,dp,core,1.0
microsoft,all,207,100,topo-sort,graph-search,core,1.0
microsoft,all,39,101,backtracking,backtracking,core,1.0
microsoft,all,41,102,hashing,hashing,periph,1.0
microsoft,all,101,103,tree-traversal,tree,core,1.0
microsoft,all,210,104,topo-sort,graph-search,core,1.0
microsoft,all,1466,105,graph-other,graph-search,periph,1.0
microsoft,all,2235,106,trivial,trivial,trivial,1.0
microsoft,all,24,107,linked-list,linked-list,periph,1.0
microsoft,all,37,108,backtracking,backtracking,core,1.0
microsoft,all,67,109,math-bit,math-bit,periph,1.0
microsoft,all,135,110,greedy,greedy,periph,1.0
microsoft,all,168,111,math-bit,math-bit,periph,1.0
microsoft,all,175,112,sql,sql,trivial,1.0
microsoft,all,224,113,pairing-stack,stack,periph,1.0
microsoft,all,268,114,math-bit,math-bit,periph,1.0
microsoft,all,124,115,dp-tree,dp,core,1.0
microsoft,all,134,116,greedy,greedy,periph,1.0
microsoft,all,213,117,dp-linear,dp,core,1.0
microsoft,all,509,118,dp-linear,dp,core,1.0
microsoft,all,6,119,string-other,string,periph,1.0
microsoft,all,10,120,dp-grid,dp,core,1.0
microsoft,all,62,121,dp-grid,dp,core,1.0
microsoft,all,71,122,pairing-stack,stack,periph,1.0
microsoft,all,136,123,math-bit,math-bit,periph,1.0
microsoft,all,208,124,trie,tree,periph,1.0
microsoft,all,349,125,hashing,hashing,periph,1.0
microsoft,all,387,126,hashing,hashing,periph,1.0
microsoft,all,496,127,monotonic-stack,stack,periph,1.0
microsoft,all,72,128,dp-grid,dp,core,1.0
microsoft,all,127,129,bfs,graph-search,core,1.0
microsoft,all,197,130,sql,sql,trivial,1.0
microsoft,all,232,131,design,design,periph,1.0
microsoft,all,234,132,fast-slow,two-pointers,periph,1.0
microsoft,all,36,133,hashing,hashing,periph,1.0
microsoft,all,66,134,math-bit,math-bit,periph,1.0
microsoft,all,94,135,tree-traversal,tree,core,1.0
microsoft,all,131,136,backtracking,backtracking,core,1.0
microsoft,all,160,137,linked-list,linked-list,periph,1.0
microsoft,all,167,138,two-pointers,two-pointers,periph,1.0
microsoft,all,171,139,math-bit,math-bit,periph,1.0
microsoft,all,204,140,number-theory,math-bit,periph,1.0
microsoft,all,212,141,trie,tree,periph,1.0
microsoft,all,235,142,bst,tree,periph,1.0
microsoft,all,383,143,hashing,hashing,periph,1.0
microsoft,all,901,144,monotonic-stack,stack,periph,1.0
microsoft,all,1838,145,sliding-window,sliding-window,periph,1.0
microsoft,all,32,146,pairing-stack,stack,periph,1.0
microsoft,all,69,147,binary-search,binary-search,periph,1.0
microsoft,all,152,148,dp-linear,dp,core,1.0
microsoft,all,394,149,pairing-stack,stack,periph,1.0
microsoft,all,1797,150,design,design,periph,1.0
microsoft,all,104,151,tree-aggregate,tree,core,1.0
microsoft,all,116,152,tree-traversal,tree,core,1.0
microsoft,all,209,153,sliding-window,sliding-window,periph,1.0
microsoft,all,219,154,hashing,hashing,periph,1.0
microsoft,all,258,155,math-bit,math-bit,periph,1.0
microsoft,all,348,156,design,design,periph,1.0
microsoft,all,380,157,design,design,periph,1.0
microsoft,all,460,158,design,design,periph,1.0
microsoft,all,2246,159,dp-tree,dp,core,1.0
microsoft,all,29,160,math-bit,math-bit,periph,1.0
microsoft,all,91,161,dp-linear,dp,core,1.0
microsoft,all,179,162,greedy,greedy,periph,1.0
microsoft,all,503,163,monotonic-stack,stack,periph,1.0
microsoft,all,704,164,binary-search,binary-search,periph,1.0
microsoft,all,1143,165,dp-grid,dp,core,1.0
microsoft,all,114,166,tree-traversal,tree,core,1.0
microsoft,all,205,167,hashing,hashing,periph,1.0
microsoft,all,237,168,linked-list,linked-list,periph,1.0
microsoft,all,485,169,sliding-window,sliding-window,periph,1.0
microsoft,all,1475,170,monotonic-stack,stack,periph,1.0
microsoft,all,47,171,backtracking,backtracking,core,1.0
microsoft,all,85,172,monotonic-stack,stack,periph,1.0
microsoft,all,90,173,backtracking,backtracking,core,1.0
microsoft,all,100,174,tree-traversal,tree,core,1.0
microsoft,all,112,175,tree-aggregate,tree,core,1.0
microsoft,all,142,176,fast-slow,two-pointers,periph,1.0
microsoft,all,143,177,linked-list,linked-list,periph,1.0
microsoft,all,165,178,string-other,string,periph,1.0
microsoft,all,287,179,fast-slow,two-pointers,periph,1.0
microsoft,all,410,180,binary-search,binary-search,periph,1.0
microsoft,all,419,181,matrix-sim,matrix-sim,periph,1.0
microsoft,all,863,182,bfs,graph-search,core,1.0
microsoft,all,876,183,fast-slow,two-pointers,periph,1.0
microsoft,all,1092,184,dp-grid,dp,core,1.0
microsoft,all,1539,185,binary-search,binary-search,periph,1.0
microsoft,all,83,186,linked-list,linked-list,periph,1.0
microsoft,all,105,187,tree-construct,tree,periph,1.0
microsoft,all,117,188,tree-traversal,tree,core,1.0
microsoft,all,412,189,trivial,trivial,trivial,1.0
microsoft,all,416,190,dp-knapsack,dp,core,1.0
microsoft,all,445,191,linked-list,linked-list,periph,1.0
microsoft,all,547,192,union-find,graph-search,periph,1.0
microsoft,all,621,193,greedy,greedy,periph,1.0
microsoft,all,735,194,pairing-stack,stack,periph,1.0
microsoft,all,992,195,sliding-window,sliding-window,periph,1.0
microsoft,all,1071,196,string-other,string,periph,1.0
microsoft,all,2571,197,math-bit,math-bit,periph,1.0
microsoft,all,16,198,two-pointers,two-pointers,periph,1.0
microsoft,all,43,199,string-other,string,periph,1.0
microsoft,all,99,200,bst,tree,periph,1.0
google,thirty-days,1,1,hashing,hashing,periph,1.0
google,thirty-days,9,2,math-bit,math-bit,periph,1.0
google,thirty-days,4,3,binary-search,binary-search,periph,1.0
google,thirty-days,3,4,sliding-window,sliding-window,periph,1.0
google,thirty-days,15,5,two-pointers,two-pointers,periph,1.0
google,thirty-days,2,6,linked-list,linked-list,periph,1.0
google,thirty-days,121,7,dp-linear,dp,core,1.0
google,thirty-days,13,8,string-other,string,periph,1.0
google,thirty-days,56,9,merge-intervals,intervals,periph,1.0
google,thirty-days,175,10,sql,sql,trivial,1.0
google,thirty-days,1929,11,trivial,trivial,trivial,1.0
google,thirty-days,875,12,binary-search,binary-search,periph,1.0
google,thirty-days,128,13,hashing,hashing,periph,1.0
google,thirty-days,5,14,string-other,string,periph,1.0
google,thirty-days,88,15,two-pointers,two-pointers,periph,1.0
google,thirty-days,347,16,heap-topk,heap-select,periph,1.0
google,thirty-days,2667,17,trivial,trivial,trivial,1.0
google,thirty-days,26,18,two-pointers,two-pointers,periph,1.0
google,thirty-days,1148,19,sql,sql,trivial,1.0
google,thirty-days,1757,20,sql,sql,trivial,1.0
google,thirty-days,21,21,linked-list,linked-list,periph,1.0
google,thirty-days,12,22,string-other,string,periph,1.0
google,thirty-days,204,23,number-theory,math-bit,periph,1.0
google,thirty-days,287,24,fast-slow,two-pointers,periph,1.0
google,thirty-days,344,25,two-pointers,two-pointers,periph,1.0
google,thirty-days,485,26,sliding-window,sliding-window,periph,1.0
google,thirty-days,1768,27,string-other,string,periph,1.0
google,thirty-days,33,28,binary-search,binary-search,periph,1.0
google,thirty-days,54,29,matrix-sim,matrix-sim,periph,1.0
google,thirty-days,295,30,heap-topk,heap-select,periph,1.0
google,thirty-days,146,31,design,design,periph,1.0
google,thirty-days,496,32,monotonic-stack,stack,periph,1.0
google,thirty-days,217,33,hashing,hashing,periph,1.0
google,thirty-days,215,34,heap-topk,heap-select,periph,1.0
google,thirty-days,1944,35,monotonic-stack,stack,periph,1.0
google,thirty-days,61,36,linked-list,linked-list,periph,1.0
google,thirty-days,7,37,math-bit,math-bit,periph,1.0
google,thirty-days,1838,38,sliding-window,sliding-window,periph,1.0
google,thirty-days,1861,39,matrix-sim,matrix-sim,periph,1.0
google,thirty-days,213,40,dp-linear,dp,core,1.0
google,thirty-days,253,41,diff-array,intervals,periph,1.0
google,thirty-days,29,42,math-bit,math-bit,periph,1.0
google,thirty-days,931,43,dp-grid,dp,core,1.0
google,thirty-days,3629,44,bfs,graph-search,core,1.0
google,thirty-days,198,45,dp-linear,dp,core,1.0
google,thirty-days,345,46,two-pointers,two-pointers,periph,1.0
google,thirty-days,1914,47,matrix-sim,matrix-sim,periph,1.0
google,thirty-days,189,48,two-pointers,two-pointers,periph,1.0
google,thirty-days,2553,49,string-other,string,periph,1.0
google,thirty-days,168,50,math-bit,math-bit,periph,1.0
google,thirty-days,202,51,hashing,hashing,periph,1.0
google,thirty-days,1109,52,diff-array,intervals,periph,1.0
google,thirty-days,1004,53,sliding-window,sliding-window,periph,1.0
google,thirty-days,1665,54,greedy,greedy,periph,1.0
google,thirty-days,777,55,two-pointers,two-pointers,periph,1.0
google,thirty-days,1674,56,diff-array,intervals,periph,1.0
google,thirty-days,815,57,bfs,graph-search,core,1.0
google,thirty-days,231,58,math-bit,math-bit,periph,1.0
google,thirty-days,2784,59,hashing,hashing,periph,1.0
google,thirty-days,394,60,pairing-stack,stack,periph,1.0
google,thirty-days,197,61,sql,sql,trivial,1.0
google,thirty-days,238,62,prefix-sum,prefix-sum,periph,1.0
google,thirty-days,410,63,binary-search,binary-search,periph,1.0
google,thirty-days,100,64,tree-traversal,tree,core,1.0
google,thirty-days,105,65,tree-construct,tree,periph,1.0
google,thirty-days,45,66,greedy,greedy,periph,1.0
google,thirty-days,3481,67,string-other,string,periph,1.0
google,thirty-days,125,68,two-pointers,two-pointers,periph,1.0
google,thirty-days,509,69,dp-linear,dp,core,1.0
google,thirty-days,258,70,math-bit,math-bit,periph,1.0
google,thirty-days,1345,71,bfs,graph-search,core,1.0
google,thirty-days,169,72,hashing,hashing,periph,1.0
google,thirty-days,207,73,topo-sort,graph-search,core,1.0
google,thirty-days,274,74,hashing,hashing,periph,1.0
google,thirty-days,55,75,greedy,greedy,periph,1.0
google,thirty-days,25,76,linked-list,linked-list,periph,1.0
google,thirty-days,242,77,hashing,hashing,periph,1.0
google,thirty-days,2657,78,prefix-sum,prefix-sum,periph,1.0
google,thirty-days,359,79,design,design,periph,1.0
google,thirty-days,3043,80,trie,tree,periph,1.0
google,thirty-days,69,81,binary-search,binary-search,periph,1.0
google,thirty-days,540,82,binary-search,binary-search,periph,1.0
google,thirty-days,49,83,hashing,hashing,periph,1.0
google,thirty-days,53,84,dp-linear,dp,core,1.0
google,thirty-days,610,85,sql,sql,trivial,1.0
google,thirty-days,6,86,string-other,string,periph,1.0
google,thirty-days,14,87,string-other,string,periph,1.0
google,thirty-days,2140,88,dp-linear,dp,core,1.0
google,thirty-days,122,89,greedy,greedy,periph,1.0
google,thirty-days,1340,90,dp-linear,dp,core,1.0
google,thirty-days,414,91,trivial,trivial,trivial,1.0
google,thirty-days,300,92,dp-linear,dp,core,1.0
google,thirty-days,560,93,prefix-sum,prefix-sum,periph,1.0
google,thirty-days,532,94,hashing,hashing,periph,1.0
google,thirty-days,704,95,binary-search,binary-search,periph,1.0
google,thirty-days,1011,96,binary-search,binary-search,periph,1.0
google,thirty-days,416,97,dp-knapsack,dp,core,1.0
google,thirty-days,8,98,string-other,string,periph,1.0
google,thirty-days,3121,99,string-other,string,periph,1.0
google,thirty-days,48,100,matrix-sim,matrix-sim,periph,1.0
google,thirty-days,349,101,hashing,hashing,periph,1.0
google,thirty-days,778,102,dijkstra,graph-search,core,1.0
google,thirty-days,71,103,pairing-stack,stack,periph,1.0
google,thirty-days,103,104,bfs,graph-search,core,1.0
google,thirty-days,2540,105,two-pointers,two-pointers,periph,1.0
google,thirty-days,51,106,backtracking,backtracking,core,1.0
google,thirty-days,22,107,backtracking,backtracking,core,1.0
google,thirty-days,3300,108,math-bit,math-bit,periph,1.0
google,thirty-days,443,109,two-pointers,two-pointers,periph,1.0
google,thirty-days,733,110,dfs-flood,graph-search,periph,1.0
google,thirty-days,424,111,sliding-window,sliding-window,periph,1.0
google,thirty-days,3161,112,binary-search,binary-search,periph,1.0
google,thirty-days,75,113,dutch-flag,two-pointers,periph,1.0
google,thirty-days,994,114,bfs,graph-search,core,1.0
google,thirty-days,2619,115,trivial,trivial,trivial,1.0
google,thirty-days,28,116,string-matching,string,periph,1.0
google,thirty-days,322,117,dp-knapsack,dp,core,1.0
google,thirty-days,1729,118,sql,sql,trivial,1.0
google,thirty-days,2126,119,greedy,greedy,periph,1.0
google,thirty-days,42,120,monotonic-stack,stack,periph,1.0
google,thirty-days,494,121,dp-knapsack,dp,core,1.0
google,thirty-days,151,122,string-other,string,periph,1.0
google,thirty-days,977,123,two-pointers,two-pointers,periph,1.0
google,thirty-days,190,124,math-bit,math-bit,periph,1.0
google,thirty-days,130,125,dfs-flood,graph-search,periph,1.0
google,thirty-days,102,126,bfs,graph-search,core,1.0
google,thirty-days,11,127,two-pointers,two-pointers,periph,1.0
google,thirty-days,1470,128,trivial,trivial,trivial,1.0
google,thirty-days,912,129,heap-topk,heap-select,periph,1.0
google,thirty-days,3633,130,greedy,greedy,periph,1.0
uber,three-months,1429,1,design,design,periph,1.0
uber,three-months,815,2,bfs,graph-search,core,1.0
uber,three-months,2858,3,graph-other,graph-search,periph,1.0
uber,three-months,305,4,union-find,graph-search,periph,1.0
uber,three-months,1101,5,union-find,graph-search,periph,1.0
uber,three-months,1438,6,sliding-window,sliding-window,periph,1.0
uber,three-months,427,7,tree-construct,tree,periph,1.0
uber,three-months,269,8,topo-sort,graph-search,core,1.0
uber,three-months,977,9,two-pointers,two-pointers,periph,1.0
uber,three-months,2791,10,dp-tree,dp,core,1.0
uber,three-months,1475,11,monotonic-stack,stack,periph,1.0
uber,three-months,79,12,backtracking,backtracking,core,1.0
uber,three-months,162,13,binary-search,binary-search,periph,1.0
uber,three-months,410,14,binary-search,binary-search,periph,1.0
uber,three-months,1428,15,binary-search,binary-search,periph,1.0
uber,three-months,56,16,merge-intervals,intervals,periph,1.0
uber,three-months,212,17,trie,tree,periph,1.0
uber,three-months,380,18,design,design,periph,1.0
uber,three-months,384,19,design,design,periph,1.0
uber,three-months,564,20,string-other,string,periph,1.0
uber,three-months,2571,21,math-bit,math-bit,periph,1.0
uber,three-months,2861,22,binary-search,binary-search,periph,1.0
uber,three-months,2954,23,number-theory,math-bit,periph,1.0
uber,three-months,13,24,string-other,string,periph,1.0
uber,three-months,146,25,design,design,periph,1.0
uber,three-months,200,26,dfs-flood,graph-search,periph,1.0
uber,three-months,210,27,topo-sort,graph-search,core,1.0
uber,three-months,230,28,bst,tree,periph,1.0
uber,three-months,295,29,heap-topk,heap-select,periph,1.0
uber,three-months,297,30,tree-construct,tree,periph,1.0
uber,three-months,362,31,design,design,periph,1.0
uber,three-months,399,32,union-find,graph-search,periph,1.0
uber,three-months,802,33,topo-sort,graph-search,core,1.0
uber,three-months,855,34,design,design,periph,1.0
uber,three-months,981,35,design,design,periph,1.0
uber,three-months,994,36,bfs,graph-search,core,1.0
uber,three-months,1197,37,bfs,graph-search,core,1.0
uber,three-months,1915,38,hashing,hashing,periph,1.0
uber,three-months,1931,39,dp-bitmask,dp,core,1.0
uber,three-months,1966,40,binary-search,binary-search,periph,1.0
uber,three-months,2402,41,heap-topk,heap-select,periph,1.0
uber,three-months,2477,42,dp-tree,dp,core,1.0
uber,three-months,2503,43,union-find,graph-search,periph,1.0
uber,three-months,2948,44,union-find,graph-search,periph,1.0
facebook,thirty-days,1,1,hashing,hashing,periph,1.0
facebook,thirty-days,20,2,pairing-stack,stack,periph,1.0
facebook,thirty-days,2,3,linked-list,linked-list,periph,1.0
facebook,thirty-days,18,4,two-pointers,two-pointers,periph,1.0
facebook,thirty-days,27,5,two-pointers,two-pointers,periph,1.0
facebook,thirty-days,53,6,dp-linear,dp,core,1.0
facebook,thirty-days,131,7,backtracking,backtracking,core,1.0
facebook,thirty-days,560,8,prefix-sum,prefix-sum,periph,1.0
facebook,thirty-days,1539,9,binary-search,binary-search,periph,1.0
facebook,thirty-days,4,10,binary-search,binary-search,periph,1.0
facebook,thirty-days,9,11,math-bit,math-bit,periph,1.0
facebook,thirty-days,21,12,linked-list,linked-list,periph,1.0
facebook,thirty-days,49,13,hashing,hashing,periph,1.0
facebook,thirty-days,55,14,greedy,greedy,periph,1.0
facebook,thirty-days,73,15,matrix-sim,matrix-sim,periph,1.0
facebook,thirty-days,198,16,dp-linear,dp,core,1.0
facebook,thirty-days,200,17,dfs-flood,graph-search,periph,1.0
facebook,thirty-days,215,18,heap-topk,heap-select,periph,1.0
facebook,thirty-days,224,19,pairing-stack,stack,periph,1.0
facebook,thirty-days,485,20,sliding-window,sliding-window,periph,1.0
facebook,thirty-days,525,21,prefix-sum,prefix-sum,periph,1.0
facebook,thirty-days,1004,22,sliding-window,sliding-window,periph,1.0
facebook,thirty-days,1581,23,sql,sql,trivial,1.0
facebook,thirty-days,1674,24,diff-array,intervals,periph,1.0
microsoft,three-months,1,1,hashing,hashing,periph,1.0
microsoft,three-months,2,2,linked-list,linked-list,periph,1.0
microsoft,three-months,3,3,sliding-window,sliding-window,periph,1.0
microsoft,three-months,42,4,monotonic-stack,stack,periph,1.0
microsoft,three-months,56,5,merge-intervals,intervals,periph,1.0
microsoft,three-months,146,6,design,design,periph,1.0
microsoft,three-months,5,7,string-other,string,periph,1.0
microsoft,three-months,14,8,string-other,string,periph,1.0
microsoft,three-months,15,9,two-pointers,two-pointers,periph,1.0
microsoft,three-months,22,10,backtracking,backtracking,core,1.0
microsoft,three-months,33,11,binary-search,binary-search,periph,1.0
microsoft,three-months,200,12,dfs-flood,graph-search,periph,1.0
microsoft,three-months,560,13,prefix-sum,prefix-sum,periph,1.0
microsoft,three-months,23,14,heap-topk,heap-select,periph,1.0
microsoft,three-months,76,15,sliding-window,sliding-window,periph,1.0
microsoft,three-months,121,16,dp-linear,dp,core,1.0
microsoft,three-months,253,17,diff-array,intervals,periph,1.0
microsoft,three-months,1475,18,monotonic-stack,stack,periph,1.0
microsoft,three-months,7,19,math-bit,math-bit,periph,1.0
microsoft,three-months,11,20,two-pointers,two-pointers,periph,1.0
microsoft,three-months,53,21,dp-linear,dp,core,1.0
microsoft,three-months,128,22,hashing,hashing,periph,1.0
microsoft,three-months,202,23,hashing,hashing,periph,1.0
microsoft,three-months,295,24,heap-topk,heap-select,periph,1.0
microsoft,three-months,297,25,tree-construct,tree,periph,1.0
microsoft,three-months,424,26,sliding-window,sliding-window,periph,1.0
microsoft,three-months,509,27,dp-linear,dp,core,1.0
microsoft,three-months,6,28,string-other,string,periph,1.0
microsoft,three-months,31,29,two-pointers,two-pointers,periph,1.0
microsoft,three-months,70,30,dp-linear,dp,core,1.0
microsoft,three-months,88,31,two-pointers,two-pointers,periph,1.0
microsoft,three-months,105,32,tree-construct,tree,periph,1.0
microsoft,three-months,125,33,two-pointers,two-pointers,periph,1.0
microsoft,three-months,138,34,linked-list,linked-list,periph,1.0
microsoft,three-months,155,35,design,design,periph,1.0
microsoft,three-months,198,36,dp-linear,dp,core,1.0
microsoft,three-months,206,37,linked-list,linked-list,periph,1.0
microsoft,three-months,232,38,design,design,periph,1.0
microsoft,three-months,239,39,monotonic-stack,stack,periph,1.0
microsoft,three-months,300,40,dp-linear,dp,core,1.0
microsoft,three-months,1353,41,greedy,greedy,periph,1.0
microsoft,three-months,2858,42,graph-other,graph-search,periph,1.0
microsoft,three-months,9,43,math-bit,math-bit,periph,1.0
microsoft,three-months,12,44,string-other,string,periph,1.0
microsoft,three-months,13,45,string-other,string,periph,1.0
microsoft,three-months,18,46,two-pointers,two-pointers,periph,1.0
microsoft,three-months,20,47,pairing-stack,stack,periph,1.0
microsoft,three-months,26,48,two-pointers,two-pointers,periph,1.0
microsoft,three-months,45,49,greedy,greedy,periph,1.0
microsoft,three-months,49,50,hashing,hashing,periph,1.0
microsoft,three-months,51,51,backtracking,backtracking,core,1.0
microsoft,three-months,55,52,greedy,greedy,periph,1.0
microsoft,three-months,61,53,linked-list,linked-list,periph,1.0
microsoft,three-months,75,54,dutch-flag,two-pointers,periph,1.0
microsoft,three-months,84,55,monotonic-stack,stack,periph,1.0
microsoft,three-months,143,56,linked-list,linked-list,periph,1.0
microsoft,three-months,189,57,two-pointers,two-pointers,periph,1.0
microsoft,three-months,217,58,hashing,hashing,periph,1.0
microsoft,three-months,224,59,pairing-stack,stack,periph,1.0
microsoft,three-months,273,60,string-other,string,periph,1.0
microsoft,three-months,460,61,design,design,periph,1.0
microsoft,three-months,475,62,binary-search,binary-search,periph,1.0
microsoft,three-months,540,63,binary-search,binary-search,periph,1.0
microsoft,three-months,657,64,string-other,string,periph,1.0
microsoft,three-months,678,65,greedy,greedy,periph,1.0
microsoft,three-months,721,66,union-find,graph-search,periph,1.0
microsoft,three-months,875,67,binary-search,binary-search,periph,1.0
microsoft,three-months,992,68,sliding-window,sliding-window,periph,1.0
microsoft,three-months,1004,69,sliding-window,sliding-window,periph,1.0
microsoft,three-months,1888,70,dp-linear,dp,core,1.0
microsoft,three-months,4,71,binary-search,binary-search,periph,1.0
microsoft,three-months,16,72,two-pointers,two-pointers,periph,1.0
microsoft,three-months,17,73,backtracking,backtracking,core,1.0
microsoft,three-months,21,74,linked-list,linked-list,periph,1.0
microsoft,three-months,27,75,two-pointers,two-pointers,periph,1.0
microsoft,three-months,28,76,string-matching,string,periph,1.0
microsoft,three-months,32,77,pairing-stack,stack,periph,1.0
microsoft,three-months,36,78,hashing,hashing,periph,1.0
microsoft,three-months,46,79,backtracking,backtracking,core,1.0
microsoft,three-months,48,80,matrix-sim,matrix-sim,periph,1.0
microsoft,three-months,50,81,math-bit,math-bit,periph,1.0
microsoft,three-months,66,82,math-bit,math-bit,periph,1.0
microsoft,three-months,69,83,binary-search,binary-search,periph,1.0
microsoft,three-months,72,84,dp-grid,dp,core,1.0
microsoft,three-months,73,85,matrix-sim,matrix-sim,periph,1.0
microsoft,three-months,79,86,backtracking,backtracking,core,1.0
microsoft,three-months,85,87,monotonic-stack,stack,periph,1.0
microsoft,three-months,90,88,backtracking,backtracking,core,1.0
microsoft,three-months,98,89,bst,tree,periph,1.0
microsoft,three-months,100,90,tree-traversal,tree,core,1.0
microsoft,three-months,102,91,bfs,graph-search,core,1.0
microsoft,three-months,103,92,bfs,graph-search,core,1.0
microsoft,three-months,104,93,tree-aggregate,tree,core,1.0
microsoft,three-months,122,94,greedy,greedy,periph,1.0
microsoft,three-months,131,95,backtracking,backtracking,core,1.0
microsoft,three-months,132,96,dp-interval,dp,core,1.0
microsoft,three-months,139,97,dp-linear,dp,core,1.0
microsoft,three-months,175,98,sql,sql,trivial,1.0
microsoft,three-months,176,99,sql,sql,trivial,1.0
microsoft,three-months,181,100,sql,sql,trivial,1.0
microsoft,three-months,193,101,string-other,string,periph,1.0
microsoft,three-months,196,102,sql,sql,trivial,1.0
microsoft,three-months,197,103,sql,sql,trivial,1.0
microsoft,three-months,199,104,bfs,graph-search,core,1.0
microsoft,three-months,204,105,number-theory,math-bit,periph,1.0
microsoft,three-months,207,106,topo-sort,graph-search,core,1.0
microsoft,three-months,208,107,trie,tree,periph,1.0
microsoft,three-months,216,108,backtracking,backtracking,core,1.0
microsoft,three-months,238,109,prefix-sum,prefix-sum,periph,1.0
microsoft,three-months,242,110,hashing,hashing,periph,1.0
microsoft,three-months,283,111,two-pointers,two-pointers,periph,1.0
microsoft,three-months,310,112,topo-sort,graph-search,core,1.0
microsoft,three-months,344,113,two-pointers,two-pointers,periph,1.0
microsoft,three-months,347,114,heap-topk,heap-select,periph,1.0
microsoft,three-months,383,115,hashing,hashing,periph,1.0
microsoft,three-months,387,116,hashing,hashing,periph,1.0
microsoft,three-months,392,117,two-pointers,two-pointers,periph,1.0
microsoft,three-months,404,118,tree-traversal,tree,core,1.0
microsoft,three-months,407,119,heap-topk,heap-select,periph,1.0
microsoft,three-months,428,120,tree-construct,tree,periph,1.0
microsoft,three-months,443,121,two-pointers,two-pointers,periph,1.0
microsoft,three-months,496,122,monotonic-stack,stack,periph,1.0
microsoft,three-months,503,123,monotonic-stack,stack,periph,1.0
microsoft,three-months,525,124,prefix-sum,prefix-sum,periph,1.0
microsoft,three-months,526,125,backtracking,backtracking,core,1.0
microsoft,three-months,542,126,bfs,graph-search,core,1.0
microsoft,three-months,543,127,tree-aggregate,tree,core,1.0
microsoft,three-months,570,128,sql,sql,trivial,1.0
microsoft,three-months,584,129,sql,sql,trivial,1.0
microsoft,three-months,586,130,sql,sql,trivial,1.0
microsoft,three-months,621,131,greedy,greedy,periph,1.0
microsoft,three-months,622,132,design,design,periph,1.0
microsoft,three-months,628,133,greedy,greedy,periph,1.0
microsoft,three-months,643,134,sliding-window,sliding-window,periph,1.0
microsoft,three-months,647,135,string-other,string,periph,1.0
microsoft,three-months,658,136,binary-search,binary-search,periph,1.0
microsoft,three-months,680,137,two-pointers,two-pointers,periph,1.0
microsoft,three-months,704,138,binary-search,binary-search,periph,1.0
microsoft,three-months,796,139,string-other,string,periph,1.0
microsoft,three-months,827,140,dfs-flood,graph-search,periph,1.0
microsoft,three-months,829,141,number-theory,math-bit,periph,1.0
microsoft,three-months,907,142,monotonic-stack,stack,periph,1.0
microsoft,three-months,986,143,merge-intervals,intervals,periph,1.0
microsoft,three-months,987,144,bfs,graph-search,core,1.0
microsoft,three-months,994,145,bfs,graph-search,core,1.0
microsoft,three-months,1193,146,sql,sql,trivial,1.0
microsoft,three-months,1280,147,sql,sql,trivial,1.0
microsoft,three-months,1431,148,trivial,trivial,trivial,1.0
microsoft,three-months,1552,149,binary-search,binary-search,periph,1.0
microsoft,three-months,1674,150,diff-array,intervals,periph,1.0
microsoft,three-months,1727,151,greedy,greedy,periph,1.0
microsoft,three-months,1752,152,two-pointers,two-pointers,periph,1.0
microsoft,three-months,1757,153,sql,sql,trivial,1.0
microsoft,three-months,1838,154,sliding-window,sliding-window,periph,1.0
microsoft,three-months,1932,155,bst,tree,periph,1.0
microsoft,three-months,1979,156,number-theory,math-bit,periph,1.0
microsoft,three-months,2385,157,bfs,graph-search,core,1.0
microsoft,three-months,2553,158,string-other,string,periph,1.0
microsoft,three-months,2571,159,math-bit,math-bit,periph,1.0
microsoft,three-months,2667,160,trivial,trivial,trivial,1.0
microsoft,three-months,2784,161,hashing,hashing,periph,1.0
microsoft,three-months,2906,162,prefix-sum,prefix-sum,periph,1.0
microsoft,three-months,3418,163,dp-grid,dp,core,1.0
microsoft,three-months,3546,164,prefix-sum,prefix-sum,periph,1.0
microsoft,three-months,3741,165,hashing,hashing,periph,1.0
microsoft,three-months,3742,166,dp-grid,dp,core,1.0
apple,more-than-six-months,146,1,design,design,periph,1.0
apple,more-than-six-months,200,2,dfs-flood,graph-search,periph,1.0
apple,more-than-six-months,1,3,hashing,hashing,periph,1.0
apple,more-than-six-months,56,4,merge-intervals,intervals,periph,1.0
apple,more-than-six-months,189,5,two-pointers,two-pointers,periph,1.0
apple,more-than-six-months,14,6,string-other,string,periph,1.0
apple,more-than-six-months,121,7,dp-linear,dp,core,1.0
apple,more-than-six-months,49,8,hashing,hashing,periph,1.0
apple,more-than-six-months,347,9,heap-topk,heap-select,periph,1.0
apple,more-than-six-months,20,10,pairing-stack,stack,periph,1.0
apple,more-than-six-months,3,11,sliding-window,sliding-window,periph,1.0
apple,more-than-six-months,36,12,hashing,hashing,periph,1.0
apple,more-than-six-months,125,13,two-pointers,two-pointers,periph,1.0
apple,more-than-six-months,362,14,design,design,periph,1.0
apple,more-than-six-months,53,15,dp-linear,dp,core,1.0
apple,more-than-six-months,54,16,matrix-sim,matrix-sim,periph,1.0
apple,more-than-six-months,122,17,greedy,greedy,periph,1.0
apple,more-than-six-months,206,18,linked-list,linked-list,periph,1.0
apple,more-than-six-months,210,19,topo-sort,graph-search,core,1.0
apple,more-than-six-months,253,20,diff-array,intervals,periph,1.0
apple,more-than-six-months,23,21,heap-topk,heap-select,periph,1.0
apple,more-than-six-months,238,22,prefix-sum,prefix-sum,periph,1.0
apple,more-than-six-months,207,23,topo-sort,graph-search,core,1.0
apple,more-than-six-months,283,24,two-pointers,two-pointers,periph,1.0
apple,more-than-six-months,139,25,dp-linear,dp,core,1.0
apple,more-than-six-months,151,26,string-other,string,periph,1.0
apple,more-than-six-months,622,27,design,design,periph,1.0
apple,more-than-six-months,981,28,design,design,periph,1.0
apple,more-than-six-months,48,29,matrix-sim,matrix-sim,periph,1.0
apple,more-than-six-months,155,30,design,design,periph,1.0
apple,more-than-six-months,215,31,heap-topk,heap-select,periph,1.0
apple,more-than-six-months,295,32,heap-topk,heap-select,periph,1.0
apple,more-than-six-months,443,33,two-pointers,two-pointers,periph,1.0
apple,more-than-six-months,560,34,prefix-sum,prefix-sum,periph,1.0
apple,more-than-six-months,42,35,monotonic-stack,stack,periph,1.0
apple,more-than-six-months,88,36,two-pointers,two-pointers,periph,1.0
apple,more-than-six-months,208,37,trie,tree,periph,1.0
apple,more-than-six-months,348,38,design,design,periph,1.0
apple,more-than-six-months,34,39,binary-search,binary-search,periph,1.0
apple,more-than-six-months,236,40,tree-aggregate,tree,core,1.0
apple,more-than-six-months,706,41,design,design,periph,1.0
apple,more-than-six-months,1606,42,design,design,periph,1.0
apple,more-than-six-months,3522,43,string-other,string,periph,1.0
apple,more-than-six-months,127,44,bfs,graph-search,core,1.0
apple,more-than-six-months,190,45,math-bit,math-bit,periph,1.0
apple,more-than-six-months,387,46,hashing,hashing,periph,1.0
apple,more-than-six-months,394,47,pairing-stack,stack,periph,1.0
apple,more-than-six-months,714,48,dp-linear,dp,core,1.0
apple,more-than-six-months,1146,49,design,design,periph,1.0
apple,more-than-six-months,7,50,math-bit,math-bit,periph,1.0
apple,more-than-six-months,10,51,dp-grid,dp,core,1.0
apple,more-than-six-months,22,52,backtracking,backtracking,core,1.0
apple,more-than-six-months,26,53,two-pointers,two-pointers,periph,1.0
apple,more-than-six-months,33,54,binary-search,binary-search,periph,1.0
apple,more-than-six-months,167,55,two-pointers,two-pointers,periph,1.0
apple,more-than-six-months,191,56,math-bit,math-bit,periph,1.0
apple,more-than-six-months,297,57,tree-construct,tree,periph,1.0
apple,more-than-six-months,658,58,binary-search,binary-search,periph,1.0
apple,more-than-six-months,713,59,sliding-window,sliding-window,periph,1.0
apple,more-than-six-months,1275,60,trivial,trivial,trivial,1.0
apple,more-than-six-months,19,61,fast-slow,two-pointers,periph,1.0
apple,more-than-six-months,21,62,linked-list,linked-list,periph,1.0
apple,more-than-six-months,165,63,string-other,string,periph,1.0
apple,more-than-six-months,227,64,pairing-stack,stack,periph,1.0
apple,more-than-six-months,380,65,design,design,periph,1.0
apple,more-than-six-months,509,66,dp-linear,dp,core,1.0
apple,more-than-six-months,1047,67,pairing-stack,stack,periph,1.0
apple,more-than-six-months,4,68,binary-search,binary-search,periph,1.0
apple,more-than-six-months,11,69,two-pointers,two-pointers,periph,1.0
apple,more-than-six-months,15,70,two-pointers,two-pointers,periph,1.0
apple,more-than-six-months,17,71,backtracking,backtracking,core,1.0
apple,more-than-six-months,55,72,greedy,greedy,periph,1.0
apple,more-than-six-months,128,73,hashing,hashing,periph,1.0
apple,more-than-six-months,232,74,design,design,periph,1.0
apple,more-than-six-months,240,75,binary-search,binary-search,periph,1.0
apple,more-than-six-months,273,76,string-other,string,periph,1.0
apple,more-than-six-months,341,77,design,design,periph,1.0
apple,more-than-six-months,344,78,two-pointers,two-pointers,periph,1.0
apple,more-than-six-months,5,79,string-other,string,periph,1.0
apple,more-than-six-months,8,80,string-other,string,periph,1.0
apple,more-than-six-months,13,81,string-other,string,periph,1.0
apple,more-than-six-months,28,82,string-matching,string,periph,1.0
apple,more-than-six-months,46,83,backtracking,backtracking,core,1.0
apple,more-than-six-months,68,84,string-other,string,periph,1.0
apple,more-than-six-months,70,85,dp-linear,dp,core,1.0
apple,more-than-six-months,97,86,dp-grid,dp,core,1.0
apple,more-than-six-months,239,87,monotonic-stack,stack,periph,1.0
apple,more-than-six-months,242,88,hashing,hashing,periph,1.0
apple,more-than-six-months,268,89,math-bit,math-bit,periph,1.0
apple,more-than-six-months,322,90,dp-knapsack,dp,core,1.0
apple,more-than-six-months,460,91,design,design,periph,1.0
apple,more-than-six-months,680,92,two-pointers,two-pointers,periph,1.0
apple,more-than-six-months,733,93,dfs-flood,graph-search,periph,1.0
apple,more-than-six-months,39,94,backtracking,backtracking,core,1.0
apple,more-than-six-months,57,95,merge-intervals,intervals,periph,1.0
apple,more-than-six-months,71,96,pairing-stack,stack,periph,1.0
apple,more-than-six-months,73,97,matrix-sim,matrix-sim,periph,1.0
apple,more-than-six-months,74,98,binary-search,binary-search,periph,1.0
apple,more-than-six-months,79,99,backtracking,backtracking,core,1.0
apple,more-than-six-months,92,100,linked-list,linked-list,periph,1.0
apple,more-than-six-months,102,101,bfs,graph-search,core,1.0
apple,more-than-six-months,118,102,dp-linear,dp,core,1.0
apple,more-than-six-months,124,103,dp-tree,dp,core,1.0
apple,more-than-six-months,149,104,geometry,math-bit,periph,1.0
apple,more-than-six-months,153,105,binary-search,binary-search,periph,1.0
apple,more-than-six-months,188,106,dp-knapsack,dp,core,1.0
apple,more-than-six-months,198,107,dp-linear,dp,core,1.0
apple,more-than-six-months,202,108,hashing,hashing,periph,1.0
apple,more-than-six-months,211,109,trie,tree,periph,1.0
apple,more-than-six-months,269,110,topo-sort,graph-search,core,1.0
apple,more-than-six-months,284,111,design,design,periph,1.0
apple,more-than-six-months,378,112,binary-search,binary-search,periph,1.0
apple,more-than-six-months,383,113,hashing,hashing,periph,1.0
apple,more-than-six-months,621,114,greedy,greedy,periph,1.0
apple,more-than-six-months,855,115,design,design,periph,1.0
apple,more-than-six-months,876,116,fast-slow,two-pointers,periph,1.0
apple,more-than-six-months,994,117,bfs,graph-search,core,1.0
apple,more-than-six-months,1650,118,tree-traversal,tree,core,1.0
apple,more-than-six-months,2065,119,backtracking,backtracking,core,1.0
apple,more-than-six-months,2591,120,greedy,greedy,periph,1.0
apple,more-than-six-months,2,121,linked-list,linked-list,periph,1.0
apple,more-than-six-months,27,122,two-pointers,two-pointers,periph,1.0
apple,more-than-six-months,37,123,backtracking,backtracking,core,1.0
apple,more-than-six-months,41,124,hashing,hashing,periph,1.0
apple,more-than-six-months,47,125,backtracking,backtracking,core,1.0
apple,more-than-six-months,67,126,math-bit,math-bit,periph,1.0
apple,more-than-six-months,69,127,binary-search,binary-search,periph,1.0
apple,more-than-six-months,84,128,monotonic-stack,stack,periph,1.0
apple,more-than-six-months,98,129,bst,tree,periph,1.0
apple,more-than-six-months,100,130,tree-traversal,tree,core,1.0
apple,more-than-six-months,108,131,tree-construct,tree,periph,1.0
apple,more-than-six-months,109,132,tree-construct,tree,periph,1.0
apple,more-than-six-months,123,133,dp-linear,dp,core,1.0
apple,more-than-six-months,126,134,bfs,graph-search,core,1.0
apple,more-than-six-months,134,135,greedy,greedy,periph,1.0
apple,more-than-six-months,143,136,linked-list,linked-list,periph,1.0
apple,more-than-six-months,158,137,design,design,periph,1.0
apple,more-than-six-months,160,138,linked-list,linked-list,periph,1.0
apple,more-than-six-months,162,139,binary-search,binary-search,periph,1.0
apple,more-than-six-months,213,140,dp-linear,dp,core,1.0
apple,more-than-six-months,218,141,heap-topk,heap-select,periph,1.0
apple,more-than-six-months,224,142,pairing-stack,stack,periph,1.0
apple,more-than-six-months,237,143,linked-list,linked-list,periph,1.0
apple,more-than-six-months,252,144,merge-intervals,intervals,periph,1.0
apple,more-than-six-months,274,145,hashing,hashing,periph,1.0
apple,more-than-six-months,278,146,binary-search,binary-search,periph,1.0
apple,more-than-six-months,340,147,sliding-window,sliding-window,periph,1.0
apple,more-than-six-months,349,148,hashing,hashing,periph,1.0
apple,more-than-six-months,438,149,sliding-window,sliding-window,periph,1.0
apple,more-than-six-months,463,150,matrix-sim,matrix-sim,periph,1.0
apple,more-than-six-months,468,151,string-other,string,periph,1.0
apple,more-than-six-months,503,152,monotonic-stack,stack,periph,1.0
apple,more-than-six-months,528,153,binary-search,binary-search,periph,1.0
apple,more-than-six-months,628,154,greedy,greedy,periph,1.0
apple,more-than-six-months,647,155,string-other,string,periph,1.0
apple,more-than-six-months,688,156,dp-grid,dp,core,1.0
apple,more-than-six-months,759,157,merge-intervals,intervals,periph,1.0
apple,more-than-six-months,787,158,bellman-ford,graph-search,core,1.0
apple,more-than-six-months,820,159,trie,tree,periph,1.0
apple,more-than-six-months,841,160,dfs-flood,graph-search,periph,1.0
apple,more-than-six-months,895,161,design,design,periph,1.0
apple,more-than-six-months,907,162,monotonic-stack,stack,periph,1.0
apple,more-than-six-months,909,163,bfs,graph-search,core,1.0
apple,more-than-six-months,996,164,backtracking,backtracking,core,1.0
apple,more-than-six-months,1011,165,binary-search,binary-search,periph,1.0
apple,more-than-six-months,1041,166,geometry,math-bit,periph,1.0
apple,more-than-six-months,1091,167,bfs,graph-search,core,1.0
apple,more-than-six-months,1657,168,hashing,hashing,periph,1.0
apple,more-than-six-months,2023,169,hashing,hashing,periph,1.0
apple,more-than-six-months,2351,170,hashing,hashing,periph,1.0
apple,more-than-six-months,3074,171,greedy,greedy,periph,1.0
apple,more-than-six-months,3163,172,string-other,string,periph,1.0
apple,more-than-six-months,6,173,string-other,string,periph,1.0
apple,more-than-six-months,25,174,linked-list,linked-list,periph,1.0
apple,more-than-six-months,45,175,greedy,greedy,periph,1.0
apple,more-than-six-months,75,176,dutch-flag,two-pointers,periph,1.0
apple,more-than-six-months,76,177,sliding-window,sliding-window,periph,1.0
apple,more-than-six-months,90,178,backtracking,backtracking,core,1.0
apple,more-than-six-months,91,179,dp-linear,dp,core,1.0
apple,more-than-six-months,101,180,tree-traversal,tree,core,1.0
apple,more-than-six-months,103,181,bfs,graph-search,core,1.0
apple,more-than-six-months,104,182,tree-aggregate,tree,core,1.0
apple,more-than-six-months,133,183,graph-other,graph-search,periph,1.0
apple,more-than-six-months,138,184,linked-list,linked-list,periph,1.0
apple,more-than-six-months,150,185,pairing-stack,stack,periph,1.0
apple,more-than-six-months,157,186,design,design,periph,1.0
apple,more-than-six-months,163,187,two-pointers,two-pointers,periph,1.0
apple,more-than-six-months,173,188,bst,tree,periph,1.0
apple,more-than-six-months,176,189,sql,sql,trivial,1.0
apple,more-than-six-months,199,190,bfs,graph-search,core,1.0
apple,more-than-six-months,203,191,linked-list,linked-list,periph,1.0
apple,more-than-six-months,204,192,number-theory,math-bit,periph,1.0
apple,more-than-six-months,221,193,dp-grid,dp,core,1.0
apple,more-than-six-months,225,194,design,design,periph,1.0
apple,more-than-six-months,235,195,bst,tree,periph,1.0
apple,more-than-six-months,243,196,two-pointers,two-pointers,periph,1.0
apple,more-than-six-months,257,197,tree-traversal,tree,core,1.0
apple,more-than-six-months,291,198,backtracking,backtracking,core,1.0
apple,more-than-six-months,314,199,bfs,graph-search,core,1.0
apple,more-than-six-months,317,200,bfs,graph-search,core,1.0
microsoft,more-than-six-months,1,1,hashing,hashing,periph,1.0
microsoft,more-than-six-months,3,2,sliding-window,sliding-window,periph,1.0
microsoft,more-than-six-months,2,3,linked-list,linked-list,periph,1.0
microsoft,more-than-six-months,146,4,design,design,periph,1.0
microsoft,more-than-six-months,5,5,string-other,string,periph,1.0
microsoft,more-than-six-months,121,6,dp-linear,dp,core,1.0
microsoft,more-than-six-months,42,7,monotonic-stack,stack,periph,1.0
microsoft,more-than-six-months,88,8,two-pointers,two-pointers,periph,1.0
microsoft,more-than-six-months,4,9,binary-search,binary-search,periph,1.0
microsoft,more-than-six-months,9,10,math-bit,math-bit,periph,1.0
microsoft,more-than-six-months,15,11,two-pointers,two-pointers,periph,1.0
microsoft,more-than-six-months,14,12,string-other,string,periph,1.0
microsoft,more-than-six-months,560,13,prefix-sum,prefix-sum,periph,1.0
microsoft,more-than-six-months,49,14,hashing,hashing,periph,1.0
microsoft,more-than-six-months,200,15,dfs-flood,graph-search,periph,1.0
microsoft,more-than-six-months,20,16,pairing-stack,stack,periph,1.0
microsoft,more-than-six-months,169,17,hashing,hashing,periph,1.0
microsoft,more-than-six-months,56,18,merge-intervals,intervals,periph,1.0
microsoft,more-than-six-months,53,19,dp-linear,dp,core,1.0
microsoft,more-than-six-months,2667,20,trivial,trivial,trivial,1.0
microsoft,more-than-six-months,26,21,two-pointers,two-pointers,periph,1.0
microsoft,more-than-six-months,1768,22,string-other,string,periph,1.0
microsoft,more-than-six-months,11,23,two-pointers,two-pointers,periph,1.0
microsoft,more-than-six-months,13,24,string-other,string,periph,1.0
microsoft,more-than-six-months,33,25,binary-search,binary-search,periph,1.0
microsoft,more-than-six-months,54,26,matrix-sim,matrix-sim,periph,1.0
microsoft,more-than-six-months,48,27,matrix-sim,matrix-sim,periph,1.0
microsoft,more-than-six-months,70,28,dp-linear,dp,core,1.0
microsoft,more-than-six-months,1757,29,sql,sql,trivial,1.0
microsoft,more-than-six-months,21,30,linked-list,linked-list,periph,1.0
microsoft,more-than-six-months,206,31,linked-list,linked-list,periph,1.0
microsoft,more-than-six-months,875,32,binary-search,binary-search,periph,1.0
microsoft,more-than-six-months,31,33,two-pointers,two-pointers,periph,1.0
microsoft,more-than-six-months,283,34,two-pointers,two-pointers,periph,1.0
microsoft,more-than-six-months,128,35,hashing,hashing,periph,1.0
microsoft,more-than-six-months,22,36,backtracking,backtracking,core,1.0
microsoft,more-than-six-months,7,37,math-bit,math-bit,periph,1.0
microsoft,more-than-six-months,25,38,linked-list,linked-list,periph,1.0
microsoft,more-than-six-months,75,39,dutch-flag,two-pointers,periph,1.0
microsoft,more-than-six-months,23,40,heap-topk,heap-select,periph,1.0
microsoft,more-than-six-months,238,41,prefix-sum,prefix-sum,periph,1.0
microsoft,more-than-six-months,189,42,two-pointers,two-pointers,periph,1.0
microsoft,more-than-six-months,162,43,binary-search,binary-search,periph,1.0
microsoft,more-than-six-months,215,44,heap-topk,heap-select,periph,1.0
microsoft,more-than-six-months,242,45,hashing,hashing,periph,1.0
microsoft,more-than-six-months,198,46,dp-linear,dp,core,1.0
microsoft,more-than-six-months,540,47,binary-search,binary-search,periph,1.0
microsoft,more-than-six-months,27,48,two-pointers,two-pointers,periph,1.0
microsoft,more-than-six-months,35,49,binary-search,binary-search,periph,1.0
microsoft,more-than-six-months,64,50,dp-grid,dp,core,1.0
microsoft,more-than-six-months,151,51,string-other,string,periph,1.0
microsoft,more-than-six-months,217,52,hashing,hashing,periph,1.0
microsoft,more-than-six-months,253,53,diff-array,intervals,periph,1.0
microsoft,more-than-six-months,34,54,binary-search,binary-search,periph,1.0
microsoft,more-than-six-months,55,55,greedy,greedy,periph,1.0
microsoft,more-than-six-months,155,56,design,design,periph,1.0
microsoft,more-than-six-months,297,57,tree-construct,tree,periph,1.0
microsoft,more-than-six-months,347,58,heap-topk,heap-select,periph,1.0
microsoft,more-than-six-months,50,59,math-bit,math-bit,periph,1.0
microsoft,more-than-six-months,17,60,backtracking,backtracking,core,1.0
microsoft,more-than-six-months,45,61,greedy,greedy,periph,1.0
microsoft,more-than-six-months,125,62,two-pointers,two-pointers,periph,1.0
microsoft,more-than-six-months,51,63,backtracking,backtracking,core,1.0
microsoft,more-than-six-months,236,64,tree-aggregate,tree,core,1.0
microsoft,more-than-six-months,79,65,backtracking,backtracking,core,1.0
microsoft,more-than-six-months,295,66,heap-topk,heap-select,periph,1.0
microsoft,more-than-six-months,322,67,dp-knapsack,dp,core,1.0
microsoft,more-than-six-months,994,68,bfs,graph-search,core,1.0
microsoft,more-than-six-months,73,69,matrix-sim,matrix-sim,periph,1.0
microsoft,more-than-six-months,1466,70,graph-other,graph-search,periph,1.0
microsoft,more-than-six-months,18,71,two-pointers,two-pointers,periph,1.0
microsoft,more-than-six-months,19,72,fast-slow,two-pointers,periph,1.0
microsoft,more-than-six-months,37,73,backtracking,backtracking,core,1.0
microsoft,more-than-six-months,46,74,backtracking,backtracking,core,1.0
microsoft,more-than-six-months,84,75,monotonic-stack,stack,periph,1.0
microsoft,more-than-six-months,202,76,hashing,hashing,periph,1.0
microsoft,more-than-six-months,739,77,monotonic-stack,stack,periph,1.0
microsoft,more-than-six-months,1004,78,sliding-window,sliding-window,periph,1.0
microsoft,more-than-six-months,39,79,backtracking,backtracking,core,1.0
microsoft,more-than-six-months,122,80,greedy,greedy,periph,1.0
microsoft,more-than-six-months,2235,81,trivial,trivial,trivial,1.0
microsoft,more-than-six-months,28,82,string-matching,string,periph,1.0
microsoft,more-than-six-months,41,83,hashing,hashing,periph,1.0
microsoft,more-than-six-months,102,84,bfs,graph-search,core,1.0
microsoft,more-than-six-months,118,85,dp-linear,dp,core,1.0
microsoft,more-than-six-months,134,86,greedy,greedy,periph,1.0
microsoft,more-than-six-months,139,87,dp-linear,dp,core,1.0
microsoft,more-than-six-months,273,88,string-other,string,periph,1.0
microsoft,more-than-six-months,12,89,string-other,string,periph,1.0
microsoft,more-than-six-months,67,90,math-bit,math-bit,periph,1.0
microsoft,more-than-six-months,135,91,greedy,greedy,periph,1.0
microsoft,more-than-six-months,136,92,math-bit,math-bit,periph,1.0
microsoft,more-than-six-months,239,93,monotonic-stack,stack,periph,1.0
microsoft,more-than-six-months,443,94,two-pointers,two-pointers,periph,1.0
microsoft,more-than-six-months,567,95,sliding-window,sliding-window,periph,1.0
microsoft,more-than-six-months,74,96,binary-search,binary-search,periph,1.0
microsoft,more-than-six-months,78,97,backtracking,backtracking,core,1.0
microsoft,more-than-six-months,103,98,bfs,graph-search,core,1.0
microsoft,more-than-six-months,141,99,fast-slow,two-pointers,periph,1.0
microsoft,more-than-six-months,224,100,pairing-stack,stack,periph,1.0
microsoft,more-than-six-months,300,101,dp-linear,dp,core,1.0
microsoft,more-than-six-months,8,102,string-other,string,periph,1.0
microsoft,more-than-six-months,93,103,backtracking,backtracking,core,1.0
microsoft,more-than-six-months,138,104,linked-list,linked-list,periph,1.0
microsoft,more-than-six-months,210,105,topo-sort,graph-search,core,1.0
microsoft,more-than-six-months,10,106,dp-grid,dp,core,1.0
microsoft,more-than-six-months,36,107,hashing,hashing,periph,1.0
microsoft,more-than-six-months,62,108,dp-grid,dp,core,1.0
microsoft,more-than-six-months,98,109,bst,tree,periph,1.0
microsoft,more-than-six-months,127,110,bfs,graph-search,core,1.0
microsoft,more-than-six-months,207,111,topo-sort,graph-search,core,1.0
microsoft,more-than-six-months,383,112,hashing,hashing,periph,1.0
microsoft,more-than-six-months,2858,113,graph-other,graph-search,periph,1.0
microsoft,more-than-six-months,69,114,binary-search,binary-search,periph,1.0
microsoft,more-than-six-months,153,115,binary-search,binary-search,periph,1.0
microsoft,more-than-six-months,234,116,fast-slow,two-pointers,periph,1.0
microsoft,more-than-six-months,349,117,hashing,hashing,periph,1.0
microsoft,more-than-six-months,380,118,design,design,periph,1.0
microsoft,more-than-six-months,29,119,math-bit,math-bit,periph,1.0
microsoft,more-than-six-months,72,120,dp-grid,dp,core,1.0
microsoft,more-than-six-months,131,121,backtracking,backtracking,core,1.0
microsoft,more-than-six-months,219,122,hashing,hashing,periph,1.0
microsoft,more-than-six-months,1838,123,sliding-window,sliding-window,periph,1.0
microsoft,more-than-six-months,32,124,pairing-stack,stack,periph,1.0
microsoft,more-than-six-months,104,125,tree-aggregate,tree,core,1.0
microsoft,more-than-six-months,152,126,dp-linear,dp,core,1.0
microsoft,more-than-six-months,209,127,sliding-window,sliding-window,periph,1.0
microsoft,more-than-six-months,213,128,dp-linear,dp,core,1.0
microsoft,more-than-six-months,503,129,monotonic-stack,stack,periph,1.0
microsoft,more-than-six-months,509,130,dp-linear,dp,core,1.0
microsoft,more-than-six-months,1143,131,dp-grid,dp,core,1.0
microsoft,more-than-six-months,24,132,linked-list,linked-list,periph,1.0
microsoft,more-than-six-months,66,133,math-bit,math-bit,periph,1.0
microsoft,more-than-six-months,124,134,dp-tree,dp,core,1.0
microsoft,more-than-six-months,197,135,sql,sql,trivial,1.0
microsoft,more-than-six-months,205,136,hashing,hashing,periph,1.0
microsoft,more-than-six-months,268,137,math-bit,math-bit,periph,1.0
microsoft,more-than-six-months,394,138,pairing-stack,stack,periph,1.0
microsoft,more-than-six-months,416,139,dp-knapsack,dp,core,1.0
microsoft,more-than-six-months,496,140,monotonic-stack,stack,periph,1.0
microsoft,more-than-six-months,76,141,sliding-window,sliding-window,periph,1.0
microsoft,more-than-six-months,167,142,two-pointers,two-pointers,periph,1.0
microsoft,more-than-six-months,179,143,greedy,greedy,periph,1.0
microsoft,more-than-six-months,287,144,fast-slow,two-pointers,periph,1.0
microsoft,more-than-six-months,704,145,binary-search,binary-search,periph,1.0
microsoft,more-than-six-months,6,146,string-other,string,periph,1.0
microsoft,more-than-six-months,43,147,string-other,string,periph,1.0
microsoft,more-than-six-months,175,148,sql,sql,trivial,1.0
microsoft,more-than-six-months,345,149,two-pointers,two-pointers,periph,1.0
microsoft,more-than-six-months,410,150,binary-search,binary-search,periph,1.0
microsoft,more-than-six-months,424,151,sliding-window,sliding-window,periph,1.0
microsoft,more-than-six-months,735,152,pairing-stack,stack,periph,1.0
microsoft,more-than-six-months,876,153,fast-slow,two-pointers,periph,1.0
microsoft,more-than-six-months,1071,154,string-other,string,periph,1.0
microsoft,more-than-six-months,71,155,pairing-stack,stack,periph,1.0
microsoft,more-than-six-months,83,156,linked-list,linked-list,periph,1.0
microsoft,more-than-six-months,94,157,tree-traversal,tree,core,1.0
microsoft,more-than-six-months,99,158,bst,tree,periph,1.0
microsoft,more-than-six-months,142,159,fast-slow,two-pointers,periph,1.0
microsoft,more-than-six-months,160,160,linked-list,linked-list,periph,1.0
microsoft,more-than-six-months,168,161,math-bit,math-bit,periph,1.0
microsoft,more-than-six-months,460,162,design,design,periph,1.0
microsoft,more-than-six-months,547,163,union-find,graph-search,periph,1.0
microsoft,more-than-six-months,863,164,bfs,graph-search,core,1.0
microsoft,more-than-six-months,80,165,two-pointers,two-pointers,periph,1.0
microsoft,more-than-six-months,85,166,monotonic-stack,stack,periph,1.0
microsoft,more-than-six-months,123,167,dp-linear,dp,core,1.0
microsoft,more-than-six-months,148,168,linked-list,linked-list,periph,1.0
microsoft,more-than-six-months,208,169,trie,tree,periph,1.0
microsoft,more-than-six-months,212,170,trie,tree,periph,1.0
microsoft,more-than-six-months,412,171,trivial,trivial,trivial,1.0
microsoft,more-than-six-months,605,172,greedy,greedy,periph,1.0
microsoft,more-than-six-months,621,173,greedy,greedy,periph,1.0
microsoft,more-than-six-months,901,174,monotonic-stack,stack,periph,1.0
microsoft,more-than-six-months,912,175,heap-topk,heap-select,periph,1.0
microsoft,more-than-six-months,1148,176,sql,sql,trivial,1.0
microsoft,more-than-six-months,1797,177,design,design,periph,1.0
microsoft,more-than-six-months,2246,178,dp-tree,dp,core,1.0
microsoft,more-than-six-months,90,179,backtracking,backtracking,core,1.0
microsoft,more-than-six-months,92,180,linked-list,linked-list,periph,1.0
microsoft,more-than-six-months,100,181,tree-traversal,tree,core,1.0
microsoft,more-than-six-months,105,182,tree-construct,tree,periph,1.0
microsoft,more-than-six-months,171,183,math-bit,math-bit,periph,1.0
microsoft,more-than-six-months,204,184,number-theory,math-bit,periph,1.0
microsoft,more-than-six-months,235,185,bst,tree,periph,1.0
microsoft,more-than-six-months,240,186,binary-search,binary-search,periph,1.0
microsoft,more-than-six-months,258,187,math-bit,math-bit,periph,1.0
microsoft,more-than-six-months,274,188,hashing,hashing,periph,1.0
microsoft,more-than-six-months,387,189,hashing,hashing,periph,1.0
microsoft,more-than-six-months,392,190,two-pointers,two-pointers,periph,1.0
microsoft,more-than-six-months,485,191,sliding-window,sliding-window,periph,1.0
microsoft,more-than-six-months,767,192,greedy,greedy,periph,1.0
microsoft,more-than-six-months,827,193,dfs-flood,graph-search,periph,1.0
microsoft,more-than-six-months,852,194,binary-search,binary-search,periph,1.0
microsoft,more-than-six-months,110,195,tree-aggregate,tree,core,1.0
microsoft,more-than-six-months,116,196,tree-traversal,tree,core,1.0
microsoft,more-than-six-months,143,197,linked-list,linked-list,periph,1.0
microsoft,more-than-six-months,150,198,pairing-stack,stack,periph,1.0
microsoft,more-than-six-months,229,199,hashing,hashing,periph,1.0
microsoft,more-than-six-months,230,200,bst,tree,periph,1.0
uber,thirty-days,212,1,trie,tree,periph,1.0
uber,thirty-days,410,2,binary-search,binary-search,periph,1.0
uber,thirty-days,427,3,tree-construct,tree,periph,1.0
uber,thirty-days,815,4,bfs,graph-search,core,1.0
uber,thirty-days,1438,5,sliding-window,sliding-window,periph,1.0
uber,thirty-days,2503,6,union-find,graph-search,periph,1.0
uber,thirty-days,2948,7,union-find,graph-search,periph,1.0
uber,thirty-days,2858,8,graph-other,graph-search,periph,1.0
uber,thirty-days,1101,9,union-find,graph-search,periph,1.0
uber,thirty-days,977,10,two-pointers,two-pointers,periph,1.0
uber,thirty-days,1429,11,design,design,periph,1.0
uber,thirty-days,1475,12,monotonic-stack,stack,periph,1.0
facebook,more-than-six-months,1249,1,pairing-stack,stack,periph,1.0
facebook,more-than-six-months,408,2,string-other,string,periph,1.0
facebook,more-than-six-months,680,3,two-pointers,two-pointers,periph,1.0
facebook,more-than-six-months,314,4,bfs,graph-search,core,1.0
facebook,more-than-six-months,215,5,heap-topk,heap-select,periph,1.0
facebook,more-than-six-months,227,6,pairing-stack,stack,periph,1.0
facebook,more-than-six-months,1650,7,tree-traversal,tree,core,1.0
facebook,more-than-six-months,339,8,tree-traversal,tree,core,1.0
facebook,more-than-six-months,528,9,binary-search,binary-search,periph,1.0
facebook,more-than-six-months,88,10,two-pointers,two-pointers,periph,1.0
facebook,more-than-six-months,236,11,tree-aggregate,tree,core,1.0
facebook,more-than-six-months,1,12,hashing,hashing,periph,1.0
facebook,more-than-six-months,543,13,tree-aggregate,tree,core,1.0
facebook,more-than-six-months,560,14,prefix-sum,prefix-sum,periph,1.0
facebook,more-than-six-months,162,15,binary-search,binary-search,periph,1.0
facebook,more-than-six-months,199,16,bfs,graph-search,core,1.0
facebook,more-than-six-months,50,17,math-bit,math-bit,periph,1.0
facebook,more-than-six-months,56,18,merge-intervals,intervals,periph,1.0
facebook,more-than-six-months,71,19,pairing-stack,stack,periph,1.0
facebook,more-than-six-months,1762,20,monotonic-stack,stack,periph,1.0
facebook,more-than-six-months,125,21,two-pointers,two-pointers,periph,1.0
facebook,more-than-six-months,1091,22,bfs,graph-search,core,1.0
facebook,more-than-six-months,347,23,heap-topk,heap-select,periph,1.0
facebook,more-than-six-months,1570,24,design,design,periph,1.0
facebook,more-than-six-months,138,25,linked-list,linked-list,periph,1.0
facebook,more-than-six-months,938,26,bst,tree,periph,1.0
facebook,more-than-six-months,146,27,design,design,periph,1.0
facebook,more-than-six-months,31,28,two-pointers,two-pointers,periph,1.0
facebook,more-than-six-months,121,29,dp-linear,dp,core,1.0
facebook,more-than-six-months,129,30,tree-aggregate,tree,core,1.0
facebook,more-than-six-months,973,31,heap-topk,heap-select,periph,1.0
facebook,more-than-six-months,23,32,heap-topk,heap-select,periph,1.0
facebook,more-than-six-months,346,33,design,design,periph,1.0
facebook,more-than-six-months,986,34,merge-intervals,intervals,periph,1.0
facebook,more-than-six-months,1004,35,sliding-window,sliding-window,periph,1.0
facebook,more-than-six-months,791,36,greedy,greedy,periph,1.0
facebook,more-than-six-months,827,37,dfs-flood,graph-search,periph,1.0
facebook,more-than-six-months,34,38,binary-search,binary-search,periph,1.0
facebook,more-than-six-months,921,39,pairing-stack,stack,periph,1.0
facebook,more-than-six-months,670,40,greedy,greedy,periph,1.0
facebook,more-than-six-months,20,41,pairing-stack,stack,periph,1.0
facebook,more-than-six-months,76,42,sliding-window,sliding-window,periph,1.0
facebook,more-than-six-months,2,43,linked-list,linked-list,periph,1.0
facebook,more-than-six-months,133,44,graph-other,graph-search,periph,1.0
facebook,more-than-six-months,987,45,bfs,graph-search,core,1.0
facebook,more-than-six-months,15,46,two-pointers,two-pointers,periph,1.0
facebook,more-than-six-months,14,47,string-other,string,periph,1.0
facebook,more-than-six-months,65,48,string-other,string,periph,1.0
facebook,more-than-six-months,1539,49,binary-search,binary-search,periph,1.0
facebook,more-than-six-months,498,50,matrix-sim,matrix-sim,periph,1.0
facebook,more-than-six-months,636,51,pairing-stack,stack,periph,1.0
facebook,more-than-six-months,863,52,bfs,graph-search,core,1.0
facebook,more-than-six-months,3,53,sliding-window,sliding-window,periph,1.0
facebook,more-than-six-months,5,54,string-other,string,periph,1.0
facebook,more-than-six-months,200,55,dfs-flood,graph-search,periph,1.0
facebook,more-than-six-months,19,56,fast-slow,two-pointers,periph,1.0
facebook,more-than-six-months,207,57,topo-sort,graph-search,core,1.0
facebook,more-than-six-months,415,58,string-other,string,periph,1.0
facebook,more-than-six-months,426,59,bst,tree,periph,1.0
facebook,more-than-six-months,708,60,linked-list,linked-list,periph,1.0
facebook,more-than-six-months,270,61,bst,tree,periph,1.0
facebook,more-than-six-months,4,62,binary-search,binary-search,periph,1.0
facebook,more-than-six-months,283,63,two-pointers,two-pointers,periph,1.0
facebook,more-than-six-months,26,64,two-pointers,two-pointers,periph,1.0
facebook,more-than-six-months,9,65,math-bit,math-bit,periph,1.0
facebook,more-than-six-months,42,66,monotonic-stack,stack,periph,1.0
facebook,more-than-six-months,78,67,backtracking,backtracking,core,1.0
facebook,more-than-six-months,647,68,string-other,string,periph,1.0
facebook,more-than-six-months,721,69,union-find,graph-search,periph,1.0
facebook,more-than-six-months,249,70,hashing,hashing,periph,1.0
facebook,more-than-six-months,173,71,bst,tree,periph,1.0
facebook,more-than-six-months,398,72,design,design,periph,1.0
facebook,more-than-six-months,523,73,prefix-sum,prefix-sum,periph,1.0
facebook,more-than-six-months,489,74,backtracking,backtracking,core,1.0
facebook,more-than-six-months,1768,75,string-other,string,periph,1.0
facebook,more-than-six-months,282,76,backtracking,backtracking,core,1.0
facebook,more-than-six-months,11,77,two-pointers,two-pointers,periph,1.0
facebook,more-than-six-months,219,78,hashing,hashing,periph,1.0
facebook,more-than-six-months,53,79,dp-linear,dp,core,1.0
facebook,more-than-six-months,824,80,string-other,string,periph,1.0
facebook,more-than-six-months,480,81,heap-topk,heap-select,periph,1.0
facebook,more-than-six-months,1216,82,dp-interval,dp,core,1.0
facebook,more-than-six-months,8,83,string-other,string,periph,1.0
facebook,more-than-six-months,13,84,string-other,string,periph,1.0
facebook,more-than-six-months,2667,85,trivial,trivial,trivial,1.0
facebook,more-than-six-months,875,86,binary-search,binary-search,periph,1.0
facebook,more-than-six-months,378,87,binary-search,binary-search,periph,1.0
facebook,more-than-six-months,1047,88,pairing-stack,stack,periph,1.0
facebook,more-than-six-months,1757,89,sql,sql,trivial,1.0
facebook,more-than-six-months,163,90,two-pointers,two-pointers,periph,1.0
facebook,more-than-six-months,169,91,hashing,hashing,periph,1.0
facebook,more-than-six-months,22,92,backtracking,backtracking,core,1.0
facebook,more-than-six-months,21,93,linked-list,linked-list,periph,1.0
facebook,more-than-six-months,127,94,bfs,graph-search,core,1.0
facebook,more-than-six-months,766,95,matrix-sim,matrix-sim,periph,1.0
facebook,more-than-six-months,33,96,binary-search,binary-search,periph,1.0
facebook,more-than-six-months,75,97,dutch-flag,two-pointers,periph,1.0
facebook,more-than-six-months,17,98,backtracking,backtracking,core,1.0
facebook,more-than-six-months,70,99,dp-linear,dp,core,1.0
facebook,more-than-six-months,958,100,bfs,graph-search,core,1.0
facebook,more-than-six-months,128,101,hashing,hashing,periph,1.0
facebook,more-than-six-months,73,102,matrix-sim,matrix-sim,periph,1.0
facebook,more-than-six-months,49,103,hashing,hashing,periph,1.0
facebook,more-than-six-months,139,104,dp-linear,dp,core,1.0
facebook,more-than-six-months,48,105,matrix-sim,matrix-sim,periph,1.0
facebook,more-than-six-months,124,106,dp-tree,dp,core,1.0
facebook,more-than-six-months,239,107,monotonic-stack,stack,periph,1.0
facebook,more-than-six-months,977,108,two-pointers,two-pointers,periph,1.0
facebook,more-than-six-months,7,109,math-bit,math-bit,periph,1.0
facebook,more-than-six-months,246,110,string-other,string,periph,1.0
facebook,more-than-six-months,253,111,diff-array,intervals,periph,1.0
facebook,more-than-six-months,348,112,design,design,periph,1.0
facebook,more-than-six-months,394,113,pairing-stack,stack,periph,1.0
facebook,more-than-six-months,269,114,topo-sort,graph-search,core,1.0
facebook,more-than-six-months,2265,115,dp-tree,dp,core,1.0
facebook,more-than-six-months,295,116,heap-topk,heap-select,periph,1.0
facebook,more-than-six-months,66,117,math-bit,math-bit,periph,1.0
facebook,more-than-six-months,118,118,dp-linear,dp,core,1.0
facebook,more-than-six-months,116,119,tree-traversal,tree,core,1.0
facebook,more-than-six-months,235,120,bst,tree,periph,1.0
facebook,more-than-six-months,658,121,binary-search,binary-search,periph,1.0
facebook,more-than-six-months,16,122,two-pointers,two-pointers,periph,1.0
facebook,more-than-six-months,62,123,dp-grid,dp,core,1.0
facebook,more-than-six-months,605,124,greedy,greedy,periph,1.0
facebook,more-than-six-months,54,125,matrix-sim,matrix-sim,periph,1.0
facebook,more-than-six-months,380,126,design,design,periph,1.0
facebook,more-than-six-months,536,127,tree-construct,tree,periph,1.0
facebook,more-than-six-months,825,128,hashing,hashing,periph,1.0
facebook,more-than-six-months,224,129,pairing-stack,stack,periph,1.0
facebook,more-than-six-months,32,130,pairing-stack,stack,periph,1.0
facebook,more-than-six-months,67,131,math-bit,math-bit,periph,1.0
facebook,more-than-six-months,238,132,prefix-sum,prefix-sum,periph,1.0
facebook,more-than-six-months,242,133,hashing,hashing,periph,1.0
facebook,more-than-six-months,695,134,dfs-flood,graph-search,periph,1.0
facebook,more-than-six-months,102,135,bfs,graph-search,core,1.0
facebook,more-than-six-months,301,136,bfs,graph-search,core,1.0
facebook,more-than-six-months,329,137,dp-grid,dp,core,1.0
facebook,more-than-six-months,545,138,tree-traversal,tree,core,1.0
facebook,more-than-six-months,1060,139,binary-search,binary-search,periph,1.0
facebook,more-than-six-months,1424,140,matrix-sim,matrix-sim,periph,1.0
facebook,more-than-six-months,2235,141,trivial,trivial,trivial,1.0
facebook,more-than-six-months,43,142,string-other,string,periph,1.0
facebook,more-than-six-months,55,143,greedy,greedy,periph,1.0
facebook,more-than-six-months,122,144,greedy,greedy,periph,1.0
facebook,more-than-six-months,18,145,two-pointers,two-pointers,periph,1.0
facebook,more-than-six-months,206,146,linked-list,linked-list,periph,1.0
facebook,more-than-six-months,234,147,fast-slow,two-pointers,periph,1.0
facebook,more-than-six-months,1011,148,binary-search,binary-search,periph,1.0
facebook,more-than-six-months,10,149,dp-grid,dp,core,1.0
facebook,more-than-six-months,28,150,string-matching,string,periph,1.0
facebook,more-than-six-months,84,151,monotonic-stack,stack,periph,1.0
facebook,more-than-six-months,131,152,backtracking,backtracking,core,1.0
facebook,more-than-six-months,1209,153,pairing-stack,stack,periph,1.0
facebook,more-than-six-months,1868,154,two-pointers,two-pointers,periph,1.0
facebook,more-than-six-months,27,155,two-pointers,two-pointers,periph,1.0
facebook,more-than-six-months,303,156,prefix-sum,prefix-sum,periph,1.0
facebook,more-than-six-months,317,157,bfs,graph-search,core,1.0
facebook,more-than-six-months,392,158,two-pointers,two-pointers,periph,1.0
facebook,more-than-six-months,424,159,sliding-window,sliding-window,periph,1.0
facebook,more-than-six-months,443,160,two-pointers,two-pointers,periph,1.0
facebook,more-than-six-months,643,161,sliding-window,sliding-window,periph,1.0
facebook,more-than-six-months,852,162,binary-search,binary-search,periph,1.0
facebook,more-than-six-months,29,163,math-bit,math-bit,periph,1.0
facebook,more-than-six-months,540,164,binary-search,binary-search,periph,1.0
facebook,more-than-six-months,35,165,binary-search,binary-search,periph,1.0
facebook,more-than-six-months,189,166,two-pointers,two-pointers,periph,1.0
facebook,more-than-six-months,419,167,matrix-sim,matrix-sim,periph,1.0
facebook,more-than-six-months,934,168,bfs,graph-search,core,1.0
facebook,more-than-six-months,123,169,dp-linear,dp,core,1.0
facebook,more-than-six-months,197,170,sql,sql,trivial,1.0
facebook,more-than-six-months,525,171,prefix-sum,prefix-sum,periph,1.0
facebook,more-than-six-months,529,172,dfs-flood,graph-search,periph,1.0
facebook,more-than-six-months,167,173,two-pointers,two-pointers,periph,1.0
facebook,more-than-six-months,217,174,hashing,hashing,periph,1.0
facebook,more-than-six-months,136,175,math-bit,math-bit,periph,1.0
facebook,more-than-six-months,155,176,design,design,periph,1.0
facebook,more-than-six-months,231,177,math-bit,math-bit,periph,1.0
facebook,more-than-six-months,322,178,dp-knapsack,dp,core,1.0
facebook,more-than-six-months,328,179,linked-list,linked-list,periph,1.0
facebook,more-than-six-months,494,180,dp-knapsack,dp,core,1.0
facebook,more-than-six-months,704,181,binary-search,binary-search,periph,1.0
facebook,more-than-six-months,739,182,monotonic-stack,stack,periph,1.0
facebook,more-than-six-months,1094,183,diff-array,intervals,periph,1.0
facebook,more-than-six-months,51,184,backtracking,backtracking,core,1.0
facebook,more-than-six-months,69,185,binary-search,binary-search,periph,1.0
facebook,more-than-six-months,153,186,binary-search,binary-search,periph,1.0
facebook,more-than-six-months,198,187,dp-linear,dp,core,1.0
facebook,more-than-six-months,210,188,topo-sort,graph-search,core,1.0
facebook,more-than-six-months,724,189,prefix-sum,prefix-sum,periph,1.0
facebook,more-than-six-months,1443,190,dp-tree,dp,core,1.0
facebook,more-than-six-months,6,191,string-other,string,periph,1.0
facebook,more-than-six-months,46,192,backtracking,backtracking,core,1.0
facebook,more-than-six-months,94,193,tree-traversal,tree,core,1.0
facebook,more-than-six-months,103,194,bfs,graph-search,core,1.0
facebook,more-than-six-months,735,195,pairing-stack,stack,periph,1.0
facebook,more-than-six-months,38,196,string-other,string,periph,1.0
facebook,more-than-six-months,79,197,backtracking,backtracking,core,1.0
facebook,more-than-six-months,140,198,backtracking,backtracking,core,1.0
facebook,more-than-six-months,143,199,linked-list,linked-list,periph,1.0
facebook,more-than-six-months,278,200,binary-search,binary-search,periph,1.0
uber,all,815,1,bfs,graph-search,core,1.0
uber,all,269,2,topo-sort,graph-search,core,1.0
uber,all,1438,3,sliding-window,sliding-window,periph,1.0
uber,all,200,4,dfs-flood,graph-search,periph,1.0
uber,all,305,5,union-find,graph-search,periph,1.0
uber,all,427,6,tree-construct,tree,periph,1.0
uber,all,977,7,two-pointers,two-pointers,periph,1.0
uber,all,230,8,bst,tree,periph,1.0
uber,all,564,9,string-other,string,periph,1.0
uber,all,1429,10,design,design,periph,1.0
uber,all,146,11,design,design,periph,1.0
uber,all,380,12,design,design,periph,1.0
uber,all,79,13,backtracking,backtracking,core,1.0
uber,all,212,14,trie,tree,periph,1.0
uber,all,362,15,design,design,periph,1.0
uber,all,2858,16,graph-other,graph-search,periph,1.0
uber,all,121,17,dp-linear,dp,core,1.0
uber,all,528,18,binary-search,binary-search,periph,1.0
uber,all,729,19,design,design,periph,1.0
uber,all,68,20,string-other,string,periph,1.0
uber,all,238,21,prefix-sum,prefix-sum,periph,1.0
uber,all,399,22,union-find,graph-search,periph,1.0
uber,all,2791,23,dp-tree,dp,core,1.0
uber,all,1428,24,binary-search,binary-search,periph,1.0
uber,all,3161,25,binary-search,binary-search,periph,1.0
uber,all,210,26,topo-sort,graph-search,core,1.0
uber,all,36,27,hashing,hashing,periph,1.0
uber,all,54,28,matrix-sim,matrix-sim,periph,1.0
uber,all,827,29,dfs-flood,graph-search,periph,1.0
uber,all,207,30,topo-sort,graph-search,core,1.0
uber,all,3341,31,dijkstra,graph-search,core,1.0
uber,all,17,32,backtracking,backtracking,core,1.0
uber,all,49,33,hashing,hashing,periph,1.0
uber,all,224,34,pairing-stack,stack,periph,1.0
uber,all,692,35,heap-topk,heap-select,periph,1.0
uber,all,934,36,bfs,graph-search,core,1.0
uber,all,139,37,dp-linear,dp,core,1.0
uber,all,253,38,diff-array,intervals,periph,1.0
uber,all,588,39,design,design,periph,1.0
uber,all,1,40,hashing,hashing,periph,1.0
uber,all,297,41,tree-construct,tree,periph,1.0
uber,all,384,42,design,design,periph,1.0
uber,all,1101,43,union-find,graph-search,periph,1.0
uber,all,1475,44,monotonic-stack,stack,periph,1.0
uber,all,242,45,hashing,hashing,periph,1.0
uber,all,1861,46,matrix-sim,matrix-sim,periph,1.0
uber,all,3071,47,greedy,greedy,periph,1.0
uber,all,23,48,heap-topk,heap-select,periph,1.0
uber,all,33,49,binary-search,binary-search,periph,1.0
uber,all,76,50,sliding-window,sliding-window,periph,1.0
uber,all,347,51,heap-topk,heap-select,periph,1.0
uber,all,741,52,dp-grid,dp,core,1.0
uber,all,2009,53,binary-search,binary-search,periph,1.0
uber,all,2258,54,bfs,graph-search,core,1.0
uber,all,2444,55,sliding-window,sliding-window,periph,1.0
uber,all,2468,56,greedy,greedy,periph,1.0
uber,all,13,57,string-other,string,periph,1.0
uber,all,37,58,backtracking,backtracking,core,1.0
uber,all,91,59,dp-linear,dp,core,1.0
uber,all,432,60,design,design,periph,1.0
uber,all,490,61,bfs,graph-search,core,1.0
uber,all,2187,62,binary-search,binary-search,periph,1.0
uber,all,2493,63,graph-other,graph-search,periph,1.0
uber,all,162,64,binary-search,binary-search,periph,1.0
uber,all,337,65,dp-tree,dp,core,1.0
uber,all,450,66,bst,tree,periph,1.0
uber,all,636,67,pairing-stack,stack,periph,1.0
uber,all,648,68,trie,tree,periph,1.0
uber,all,735,69,pairing-stack,stack,periph,1.0
uber,all,875,70,binary-search,binary-search,periph,1.0
uber,all,981,71,design,design,periph,1.0
uber,all,8,72,string-other,string,periph,1.0
uber,all,10,73,dp-grid,dp,core,1.0
uber,all,78,74,backtracking,backtracking,core,1.0
uber,all,125,75,two-pointers,two-pointers,periph,1.0
uber,all,155,76,design,design,periph,1.0
uber,all,171,77,math-bit,math-bit,periph,1.0
uber,all,262,78,sql,sql,trivial,1.0
uber,all,322,79,dp-knapsack,dp,core,1.0
uber,all,373,80,heap-topk,heap-select,periph,1.0
uber,all,410,81,binary-search,binary-search,periph,1.0
uber,all,505,82,dijkstra,graph-search,core,1.0
uber,all,535,83,design,design,periph,1.0
uber,all,959,84,union-find,graph-search,periph,1.0
uber,all,994,85,bfs,graph-search,core,1.0
uber,all,1768,86,string-other,string,periph,1.0
uber,all,1856,87,monotonic-stack,stack,periph,1.0
uber,all,2402,88,heap-topk,heap-select,periph,1.0
uber,all,2571,89,math-bit,math-bit,periph,1.0
uber,all,2828,90,string-other,string,periph,1.0
uber,all,2848,91,diff-array,intervals,periph,1.0
uber,all,3387,92,graph-other,graph-search,periph,1.0
uber,all,3466,93,dp-grid,dp,core,1.0
uber,all,22,94,backtracking,backtracking,core,1.0
uber,all,24,95,linked-list,linked-list,periph,1.0
uber,all,39,96,backtracking,backtracking,core,1.0
uber,all,104,97,tree-aggregate,tree,core,1.0
uber,all,133,98,graph-other,graph-search,periph,1.0
uber,all,138,99,linked-list,linked-list,periph,1.0
uber,all,140,100,backtracking,backtracking,core,1.0
uber,all,161,101,two-pointers,two-pointers,periph,1.0
uber,all,186,102,string-other,string,periph,1.0
uber,all,199,103,bfs,graph-search,core,1.0
uber,all,202,104,hashing,hashing,periph,1.0
uber,all,206,105,linked-list,linked-list,periph,1.0
uber,all,208,106,trie,tree,periph,1.0
uber,all,249,107,hashing,hashing,periph,1.0
uber,all,254,108,backtracking,backtracking,core,1.0
uber,all,266,109,hashing,hashing,periph,1.0
uber,all,290,110,hashing,hashing,periph,1.0
uber,all,291,111,backtracking,backtracking,core,1.0
uber,all,465,112,backtracking,backtracking,core,1.0
uber,all,516,113,dp-interval,dp,core,1.0
uber,all,690,114,dfs-flood,graph-search,periph,1.0
uber,all,699,115,design,design,periph,1.0
uber,all,710,116,design,design,periph,1.0
uber,all,733,117,dfs-flood,graph-search,periph,1.0
uber,all,1039,118,dp-interval,dp,core,1.0
uber,all,1064,119,binary-search,binary-search,periph,1.0
uber,all,1136,120,topo-sort,graph-search,core,1.0
uber,all,1171,121,linked-list,linked-list,periph,1.0
uber,all,1334,122,dijkstra,graph-search,core,1.0
uber,all,1385,123,binary-search,binary-search,periph,1.0
uber,all,1400,124,greedy,greedy,periph,1.0
uber,all,1462,125,topo-sort,graph-search,core,1.0
uber,all,1519,126,dp-tree,dp,core,1.0
uber,all,1579,127,union-find,graph-search,periph,1.0
uber,all,1635,128,sql,sql,trivial,1.0
uber,all,1645,129,sql,sql,trivial,1.0
uber,all,1651,130,sql,sql,trivial,1.0
uber,all,1705,131,heap-topk,heap-select,periph,1.0
uber,all,1719,132,graph-other,graph-search,periph,1.0
uber,all,1818,133,binary-search,binary-search,periph,1.0
uber,all,1829,134,math-bit,math-bit,periph,1.0
uber,all,1926,135,bfs,graph-search,core,1.0
uber,all,1961,136,string-other,string,periph,1.0
uber,all,1967,137,string-other,string,periph,1.0
uber,all,1968,138,greedy,greedy,periph,1.0
uber,all,2196,139,tree-construct,tree,periph,1.0
uber,all,2243,140,string-other,string,periph,1.0
uber,all,2248,141,hashing,hashing,periph,1.0
uber,all,2261,142,hashing,hashing,periph,1.0
uber,all,2282,143,monotonic-stack,stack,periph,1.0
uber,all,2307,144,union-find,graph-search,periph,1.0
uber,all,2333,145,binary-search,binary-search,periph,1.0
uber,all,2555,146,dp-linear,dp,core,1.0
uber,all,2912,147,dp-grid,dp,core,1.0
uber,all,3023,148,string-matching,string,periph,1.0
uber,all,3027,149,geometry,math-bit,periph,1.0
uber,all,3037,150,string-matching,string,periph,1.0
uber,all,3073,151,prefix-sum,prefix-sum,periph,1.0
uber,all,3078,152,string-matching,string,periph,1.0
uber,all,3191,153,greedy,greedy,periph,1.0
uber,all,3192,154,greedy,greedy,periph,1.0
uber,all,3342,155,dijkstra,graph-search,core,1.0
uber,all,752,156,bfs,graph-search,core,1.0
uber,all,2768,157,hashing,hashing,periph,1.0
uber,all,3868,158,greedy,greedy,periph,1.0
uber,all,56,159,merge-intervals,intervals,periph,1.0
uber,all,84,160,monotonic-stack,stack,periph,1.0
uber,all,127,161,bfs,graph-search,core,1.0
uber,all,174,162,dp-grid,dp,core,1.0
uber,all,239,163,monotonic-stack,stack,periph,1.0
uber,all,295,164,heap-topk,heap-select,periph,1.0
uber,all,545,165,tree-traversal,tree,core,1.0
uber,all,3652,166,dp-linear,dp,core,1.0
uber,all,48,167,matrix-sim,matrix-sim,periph,1.0
uber,all,135,168,greedy,greedy,periph,1.0
uber,all,974,169,prefix-sum,prefix-sum,periph,1.0
uber,all,1368,170,dijkstra,graph-search,core,1.0
uber,all,2115,171,topo-sort,graph-search,core,1.0
uber,all,2246,172,dp-tree,dp,core,1.0
uber,all,42,173,monotonic-stack,stack,periph,1.0
uber,all,57,174,merge-intervals,intervals,periph,1.0
uber,all,128,175,hashing,hashing,periph,1.0
uber,all,198,176,dp-linear,dp,core,1.0
uber,all,227,177,pairing-stack,stack,periph,1.0
uber,all,286,178,bfs,graph-search,core,1.0
uber,all,792,179,binary-search,binary-search,periph,1.0
uber,all,953,180,string-other,string,periph,1.0
uber,all,983,181,dp-linear,dp,core,1.0
uber,all,2502,182,design,design,periph,1.0
uber,all,2508,183,graph-other,graph-search,periph,1.0
uber,all,2603,184,graph-other,graph-search,periph,1.0
uber,all,3043,185,trie,tree,periph,1.0
uber,all,5,186,string-other,string,periph,1.0
uber,all,34,187,binary-search,binary-search,periph,1.0
uber,all,124,188,dp-tree,dp,core,1.0
uber,all,218,189,heap-topk,heap-select,periph,1.0
uber,all,312,190,dp-interval,dp,core,1.0
uber,all,329,191,dp-grid,dp,core,1.0
uber,all,332,192,graph-other,graph-search,periph,1.0
uber,all,547,193,union-find,graph-search,periph,1.0
uber,all,621,194,greedy,greedy,periph,1.0
uber,all,679,195,backtracking,backtracking,core,1.0
uber,all,773,196,bfs,graph-search,core,1.0
uber,all,785,197,graph-other,graph-search,periph,1.0
uber,all,986,198,merge-intervals,intervals,periph,1.0
uber,all,1423,199,sliding-window,sliding-window,periph,1.0
uber,all,1584,200,union-find,graph-search,periph,1.0
google,six-months,1,1,hashing,hashing,periph,1.0
google,six-months,2,2,linked-list,linked-list,periph,1.0
google,six-months,14,3,string-other,string,periph,1.0
google,six-months,121,4,dp-linear,dp,core,1.0
google,six-months,1929,5,trivial,trivial,trivial,1.0
google,six-months,9,6,math-bit,math-bit,periph,1.0
google,six-months,4,7,binary-search,binary-search,periph,1.0
google,six-months,3,8,sliding-window,sliding-window,periph,1.0
google,six-months,11,9,two-pointers,two-pointers,periph,1.0
google,six-months,5,10,string-other,string,periph,1.0
google,six-months,15,11,two-pointers,two-pointers,periph,1.0
google,six-months,42,12,monotonic-stack,stack,periph,1.0
google,six-months,13,13,string-other,string,periph,1.0
google,six-months,128,14,hashing,hashing,periph,1.0
google,six-months,169,15,hashing,hashing,periph,1.0
google,six-months,560,16,prefix-sum,prefix-sum,periph,1.0
google,six-months,56,17,merge-intervals,intervals,periph,1.0
google,six-months,26,18,two-pointers,two-pointers,periph,1.0
google,six-months,175,19,sql,sql,trivial,1.0
google,six-months,7,20,math-bit,math-bit,periph,1.0
google,six-months,20,21,pairing-stack,stack,periph,1.0
google,six-months,88,22,two-pointers,two-pointers,periph,1.0
google,six-months,53,23,dp-linear,dp,core,1.0
google,six-months,2667,24,trivial,trivial,trivial,1.0
google,six-months,200,25,dfs-flood,graph-search,periph,1.0
google,six-months,206,26,linked-list,linked-list,periph,1.0
google,six-months,21,27,linked-list,linked-list,periph,1.0
google,six-months,347,28,heap-topk,heap-select,periph,1.0
google,six-months,875,29,binary-search,binary-search,periph,1.0
google,six-months,54,30,matrix-sim,matrix-sim,periph,1.0
google,six-months,217,31,hashing,hashing,periph,1.0
google,six-months,242,32,hashing,hashing,periph,1.0
google,six-months,33,33,binary-search,binary-search,periph,1.0
google,six-months,215,34,heap-topk,heap-select,periph,1.0
google,six-months,31,35,two-pointers,two-pointers,periph,1.0
google,six-months,55,36,greedy,greedy,periph,1.0
google,six-months,146,37,design,design,periph,1.0
google,six-months,283,38,two-pointers,two-pointers,periph,1.0
google,six-months,1502,39,trivial,trivial,trivial,1.0
google,six-months,22,40,backtracking,backtracking,core,1.0
google,six-months,125,41,two-pointers,two-pointers,periph,1.0
google,six-months,394,42,pairing-stack,stack,periph,1.0
google,six-months,49,43,hashing,hashing,periph,1.0
google,six-months,51,44,backtracking,backtracking,core,1.0
google,six-months,66,45,math-bit,math-bit,periph,1.0
google,six-months,198,46,dp-linear,dp,core,1.0
google,six-months,424,47,sliding-window,sliding-window,periph,1.0
google,six-months,1768,48,string-other,string,periph,1.0
google,six-months,67,49,math-bit,math-bit,periph,1.0
google,six-months,70,50,dp-linear,dp,core,1.0
google,six-months,167,51,two-pointers,two-pointers,periph,1.0
google,six-months,238,52,prefix-sum,prefix-sum,periph,1.0
google,six-months,253,53,diff-array,intervals,periph,1.0
google,six-months,1757,54,sql,sql,trivial,1.0
google,six-months,1944,55,monotonic-stack,stack,periph,1.0
google,six-months,46,56,backtracking,backtracking,core,1.0
google,six-months,300,57,dp-linear,dp,core,1.0
google,six-months,704,58,binary-search,binary-search,periph,1.0
google,six-months,27,59,two-pointers,two-pointers,periph,1.0
google,six-months,28,60,string-matching,string,periph,1.0
google,six-months,84,61,monotonic-stack,stack,periph,1.0
google,six-months,118,62,dp-linear,dp,core,1.0
google,six-months,354,63,binary-search,binary-search,periph,1.0
google,six-months,485,64,sliding-window,sliding-window,periph,1.0
google,six-months,17,65,backtracking,backtracking,core,1.0
google,six-months,34,66,binary-search,binary-search,periph,1.0
google,six-months,48,67,matrix-sim,matrix-sim,periph,1.0
google,six-months,75,68,dutch-flag,two-pointers,periph,1.0
google,six-months,85,69,monotonic-stack,stack,periph,1.0
google,six-months,136,70,math-bit,math-bit,periph,1.0
google,six-months,162,71,binary-search,binary-search,periph,1.0
google,six-months,202,72,hashing,hashing,periph,1.0
google,six-months,207,73,topo-sort,graph-search,core,1.0
google,six-months,349,74,hashing,hashing,periph,1.0
google,six-months,540,75,binary-search,binary-search,periph,1.0
google,six-months,78,76,backtracking,backtracking,core,1.0
google,six-months,100,77,tree-traversal,tree,core,1.0
google,six-months,189,78,two-pointers,two-pointers,periph,1.0
google,six-months,359,79,design,design,periph,1.0
google,six-months,912,80,heap-topk,heap-select,periph,1.0
google,six-months,1004,81,sliding-window,sliding-window,periph,1.0
google,six-months,1470,82,trivial,trivial,trivial,1.0
google,six-months,18,83,two-pointers,two-pointers,periph,1.0
google,six-months,35,84,binary-search,binary-search,periph,1.0
google,six-months,231,85,math-bit,math-bit,periph,1.0
google,six-months,410,86,binary-search,binary-search,periph,1.0
google,six-months,2235,87,trivial,trivial,trivial,1.0
google,six-months,10,88,dp-grid,dp,core,1.0
google,six-months,58,89,string-other,string,periph,1.0
google,six-months,72,90,dp-grid,dp,core,1.0
google,six-months,239,91,monotonic-stack,stack,periph,1.0
google,six-months,268,92,math-bit,math-bit,periph,1.0
google,six-months,322,93,dp-knapsack,dp,core,1.0
google,six-months,977,94,two-pointers,two-pointers,periph,1.0
google,six-months,1480,95,prefix-sum,prefix-sum,periph,1.0
google,six-months,32,96,pairing-stack,stack,periph,1.0
google,six-months,69,97,binary-search,binary-search,periph,1.0
google,six-months,152,98,dp-linear,dp,core,1.0
google,six-months,234,99,fast-slow,two-pointers,periph,1.0
google,six-months,344,100,two-pointers,two-pointers,periph,1.0
google,six-months,345,101,two-pointers,two-pointers,periph,1.0
google,six-months,448,102,hashing,hashing,periph,1.0
google,six-months,876,103,fast-slow,two-pointers,periph,1.0
google,six-months,6,104,string-other,string,periph,1.0
google,six-months,16,105,two-pointers,two-pointers,periph,1.0
google,six-months,37,106,backtracking,backtracking,core,1.0
google,six-months,39,107,backtracking,backtracking,core,1.0
google,six-months,41,108,hashing,hashing,periph,1.0
google,six-months,74,109,binary-search,binary-search,periph,1.0
google,six-months,130,110,dfs-flood,graph-search,periph,1.0
google,six-months,155,111,design,design,periph,1.0
google,six-months,503,112,monotonic-stack,stack,periph,1.0
google,six-months,509,113,dp-linear,dp,core,1.0
google,six-months,645,114,hashing,hashing,periph,1.0
google,six-months,25,115,linked-list,linked-list,periph,1.0
google,six-months,83,116,linked-list,linked-list,periph,1.0
google,six-months,141,117,fast-slow,two-pointers,periph,1.0
google,six-months,151,118,string-other,string,periph,1.0
google,six-months,160,119,linked-list,linked-list,periph,1.0
google,six-months,181,120,sql,sql,trivial,1.0
google,six-months,205,121,hashing,hashing,periph,1.0
google,six-months,383,122,hashing,hashing,periph,1.0
google,six-months,777,123,two-pointers,two-pointers,periph,1.0
google,six-months,994,124,bfs,graph-search,core,1.0
google,six-months,1752,125,two-pointers,two-pointers,periph,1.0
google,six-months,3453,126,binary-search,binary-search,periph,1.0
google,six-months,19,127,fast-slow,two-pointers,periph,1.0
google,six-months,57,128,merge-intervals,intervals,periph,1.0
google,six-months,102,129,bfs,graph-search,core,1.0
google,six-months,179,130,greedy,greedy,periph,1.0
google,six-months,204,131,number-theory,math-bit,periph,1.0
google,six-months,219,132,hashing,hashing,periph,1.0
google,six-months,224,133,pairing-stack,stack,periph,1.0
google,six-months,496,134,monotonic-stack,stack,periph,1.0
google,six-months,643,135,sliding-window,sliding-window,periph,1.0
google,six-months,778,136,dijkstra,graph-search,core,1.0
google,six-months,904,137,sliding-window,sliding-window,periph,1.0
google,six-months,8,138,string-other,string,periph,1.0
google,six-months,29,139,math-bit,math-bit,periph,1.0
google,six-months,45,140,greedy,greedy,periph,1.0
google,six-months,62,141,dp-grid,dp,core,1.0
google,six-months,80,142,two-pointers,two-pointers,periph,1.0
google,six-months,90,143,backtracking,backtracking,core,1.0
google,six-months,122,144,greedy,greedy,periph,1.0
google,six-months,139,145,dp-linear,dp,core,1.0
google,six-months,209,146,sliding-window,sliding-window,periph,1.0
google,six-months,287,147,fast-slow,two-pointers,periph,1.0
google,six-months,295,148,heap-topk,heap-select,periph,1.0
google,six-months,380,149,design,design,periph,1.0
google,six-months,387,150,hashing,hashing,periph,1.0
google,six-months,414,151,trivial,trivial,trivial,1.0
google,six-months,443,152,two-pointers,two-pointers,periph,1.0
google,six-months,518,153,dp-knapsack,dp,core,1.0
google,six-months,595,154,sql,sql,trivial,1.0
google,six-months,739,155,monotonic-stack,stack,periph,1.0
google,six-months,743,156,dijkstra,graph-search,core,1.0
google,six-months,799,157,dp-grid,dp,core,1.0
google,six-months,1148,158,sql,sql,trivial,1.0
google,six-months,1922,159,math-bit,math-bit,periph,1.0
google,six-months,12,160,string-other,string,periph,1.0
google,six-months,73,161,matrix-sim,matrix-sim,periph,1.0
google,six-months,79,162,backtracking,backtracking,core,1.0
google,six-months,127,163,bfs,graph-search,core,1.0
google,six-months,131,164,backtracking,backtracking,core,1.0
google,six-months,137,165,math-bit,math-bit,periph,1.0
google,six-months,153,166,binary-search,binary-search,periph,1.0
google,six-months,190,167,math-bit,math-bit,periph,1.0
google,six-months,197,168,sql,sql,trivial,1.0
google,six-months,210,169,topo-sort,graph-search,core,1.0
google,six-months,221,170,dp-grid,dp,core,1.0
google,six-months,236,171,tree-aggregate,tree,core,1.0
google,six-months,278,172,binary-search,binary-search,periph,1.0
google,six-months,442,173,hashing,hashing,periph,1.0
google,six-months,703,174,heap-topk,heap-select,periph,1.0
google,six-months,843,175,string-other,string,periph,1.0
google,six-months,1011,176,binary-search,binary-search,periph,1.0
google,six-months,1838,177,sliding-window,sliding-window,periph,1.0
google,six-months,2149,178,two-pointers,two-pointers,periph,1.0
google,six-months,2965,179,hashing,hashing,periph,1.0
google,six-months,3637,180,two-pointers,two-pointers,periph,1.0
google,six-months,24,181,linked-list,linked-list,periph,1.0
google,six-months,60,182,math-bit,math-bit,periph,1.0
google,six-months,61,183,linked-list,linked-list,periph,1.0
google,six-months,68,184,string-other,string,periph,1.0
google,six-months,124,185,dp-tree,dp,core,1.0
google,six-months,168,186,math-bit,math-bit,periph,1.0
google,six-months,176,187,sql,sql,trivial,1.0
google,six-months,240,188,binary-search,binary-search,periph,1.0
google,six-months,304,189,prefix-sum,prefix-sum,periph,1.0
google,six-months,329,190,dp-grid,dp,core,1.0
google,six-months,371,191,math-bit,math-bit,periph,1.0
google,six-months,416,192,dp-knapsack,dp,core,1.0
google,six-months,528,193,binary-search,binary-search,periph,1.0
google,six-months,621,194,greedy,greedy,periph,1.0
google,six-months,636,195,pairing-stack,stack,periph,1.0
google,six-months,746,196,dp-linear,dp,core,1.0
google,six-months,787,197,bellman-ford,graph-search,core,1.0
google,six-months,815,198,bfs,graph-search,core,1.0
google,six-months,833,199,string-other,string,periph,1.0
google,six-months,844,200,two-pointers,two-pointers,periph,1.0
apple,all,146,1,design,design,periph,1.0
apple,all,1,2,hashing,hashing,periph,1.0
apple,all,200,3,dfs-flood,graph-search,periph,1.0
apple,all,56,4,merge-intervals,intervals,periph,1.0
apple,all,14,5,string-other,string,periph,1.0
apple,all,121,6,dp-linear,dp,core,1.0
apple,all,189,7,two-pointers,two-pointers,periph,1.0
apple,all,362,8,design,design,periph,1.0
apple,all,49,9,hashing,hashing,periph,1.0
apple,all,206,10,linked-list,linked-list,periph,1.0
apple,all,36,11,hashing,hashing,periph,1.0
apple,all,347,12,heap-topk,heap-select,periph,1.0
apple,all,3,13,sliding-window,sliding-window,periph,1.0
apple,all,207,14,topo-sort,graph-search,core,1.0
apple,all,20,15,pairing-stack,stack,periph,1.0
apple,all,210,16,topo-sort,graph-search,core,1.0
apple,all,238,17,prefix-sum,prefix-sum,periph,1.0
apple,all,151,18,string-other,string,periph,1.0
apple,all,48,19,matrix-sim,matrix-sim,periph,1.0
apple,all,53,20,dp-linear,dp,core,1.0
apple,all,125,21,two-pointers,two-pointers,periph,1.0
apple,all,215,22,heap-topk,heap-select,periph,1.0
apple,all,7,23,math-bit,math-bit,periph,1.0
apple,all,54,24,matrix-sim,matrix-sim,periph,1.0
apple,all,122,25,greedy,greedy,periph,1.0
apple,all,23,26,heap-topk,heap-select,periph,1.0
apple,all,42,27,monotonic-stack,stack,periph,1.0
apple,all,253,28,diff-array,intervals,periph,1.0
apple,all,236,29,tree-aggregate,tree,core,1.0
apple,all,560,30,prefix-sum,prefix-sum,periph,1.0
apple,all,4,31,binary-search,binary-search,periph,1.0
apple,all,190,32,math-bit,math-bit,periph,1.0
apple,all,713,33,sliding-window,sliding-window,periph,1.0
apple,all,981,34,design,design,periph,1.0
apple,all,21,35,linked-list,linked-list,periph,1.0
apple,all,34,36,binary-search,binary-search,periph,1.0
apple,all,191,37,math-bit,math-bit,periph,1.0
apple,all,622,38,design,design,periph,1.0
apple,all,165,39,string-other,string,periph,1.0
apple,all,295,40,heap-topk,heap-select,periph,1.0
apple,all,1146,41,design,design,periph,1.0
apple,all,70,42,dp-linear,dp,core,1.0
apple,all,155,43,design,design,periph,1.0
apple,all,240,44,binary-search,binary-search,periph,1.0
apple,all,283,45,two-pointers,two-pointers,periph,1.0
apple,all,380,46,design,design,periph,1.0
apple,all,28,47,string-matching,string,periph,1.0
apple,all,88,48,two-pointers,two-pointers,periph,1.0
apple,all,139,49,dp-linear,dp,core,1.0
apple,all,208,50,trie,tree,periph,1.0
apple,all,227,51,pairing-stack,stack,periph,1.0
apple,all,284,52,design,design,periph,1.0
apple,all,443,53,two-pointers,two-pointers,periph,1.0
apple,all,102,54,bfs,graph-search,core,1.0
apple,all,118,55,dp-linear,dp,core,1.0
apple,all,127,56,bfs,graph-search,core,1.0
apple,all,149,57,geometry,math-bit,periph,1.0
apple,all,348,58,design,design,periph,1.0
apple,all,383,59,hashing,hashing,periph,1.0
apple,all,15,60,two-pointers,two-pointers,periph,1.0
apple,all,69,61,binary-search,binary-search,periph,1.0
apple,all,237,62,linked-list,linked-list,periph,1.0
apple,all,706,63,design,design,periph,1.0
apple,all,996,64,backtracking,backtracking,core,1.0
apple,all,2023,65,hashing,hashing,periph,1.0
apple,all,10,66,dp-grid,dp,core,1.0
apple,all,26,67,two-pointers,two-pointers,periph,1.0
apple,all,104,68,tree-aggregate,tree,core,1.0
apple,all,221,69,dp-grid,dp,core,1.0
apple,all,257,70,tree-traversal,tree,core,1.0
apple,all,387,71,hashing,hashing,periph,1.0
apple,all,565,72,graph-other,graph-search,periph,1.0
apple,all,714,73,dp-linear,dp,core,1.0
apple,all,1606,74,design,design,periph,1.0
apple,all,2397,75,backtracking,backtracking,core,1.0
apple,all,2970,76,two-pointers,two-pointers,periph,1.0
apple,all,2972,77,two-pointers,two-pointers,periph,1.0
apple,all,3030,78,matrix-sim,matrix-sim,periph,1.0
apple,all,3522,79,string-other,string,periph,1.0
apple,all,19,80,fast-slow,two-pointers,periph,1.0
apple,all,33,81,binary-search,binary-search,periph,1.0
apple,all,167,82,two-pointers,two-pointers,periph,1.0
apple,all,297,83,tree-construct,tree,periph,1.0
apple,all,341,84,design,design,periph,1.0
apple,all,394,85,pairing-stack,stack,periph,1.0
apple,all,5,86,string-other,string,periph,1.0
apple,all,11,87,two-pointers,two-pointers,periph,1.0
apple,all,17,88,backtracking,backtracking,core,1.0
apple,all,22,89,backtracking,backtracking,core,1.0
apple,all,128,90,hashing,hashing,periph,1.0
apple,all,232,91,design,design,periph,1.0
apple,all,252,92,merge-intervals,intervals,periph,1.0
apple,all,273,93,string-other,string,periph,1.0
apple,all,509,94,dp-linear,dp,core,1.0
apple,all,658,95,binary-search,binary-search,periph,1.0
apple,all,1047,96,pairing-stack,stack,periph,1.0
apple,all,1275,97,trivial,trivial,trivial,1.0
apple,all,621,98,greedy,greedy,periph,1.0
apple,all,733,99,dfs-flood,graph-search,periph,1.0
apple,all,8,100,string-other,string,periph,1.0
apple,all,13,101,string-other,string,periph,1.0
apple,all,46,102,backtracking,backtracking,core,1.0
apple,all,55,103,greedy,greedy,periph,1.0
apple,all,57,104,merge-intervals,intervals,periph,1.0
apple,all,68,105,string-other,string,periph,1.0
apple,all,239,106,monotonic-stack,stack,periph,1.0
apple,all,344,107,two-pointers,two-pointers,periph,1.0
apple,all,2,108,linked-list,linked-list,periph,1.0
apple,all,72,109,dp-grid,dp,core,1.0
apple,all,73,110,matrix-sim,matrix-sim,periph,1.0
apple,all,79,111,backtracking,backtracking,core,1.0
apple,all,97,112,dp-grid,dp,core,1.0
apple,all,112,113,tree-aggregate,tree,core,1.0
apple,all,134,114,greedy,greedy,periph,1.0
apple,all,202,115,hashing,hashing,periph,1.0
apple,all,242,116,hashing,hashing,periph,1.0
apple,all,268,117,math-bit,math-bit,periph,1.0
apple,all,309,118,dp-linear,dp,core,1.0
apple,all,322,119,dp-knapsack,dp,core,1.0
apple,all,412,120,trivial,trivial,trivial,1.0
apple,all,428,121,tree-construct,tree,periph,1.0
apple,all,460,122,design,design,periph,1.0
apple,all,680,123,two-pointers,two-pointers,periph,1.0
apple,all,787,124,bellman-ford,graph-search,core,1.0
apple,all,876,125,fast-slow,two-pointers,periph,1.0
apple,all,895,126,design,design,periph,1.0
apple,all,1650,127,tree-traversal,tree,core,1.0
apple,all,2150,128,hashing,hashing,periph,1.0
apple,all,2591,129,greedy,greedy,periph,1.0
apple,all,39,130,backtracking,backtracking,core,1.0
apple,all,71,131,pairing-stack,stack,periph,1.0
apple,all,74,132,binary-search,binary-search,periph,1.0
apple,all,75,133,dutch-flag,two-pointers,periph,1.0
apple,all,92,134,linked-list,linked-list,periph,1.0
apple,all,108,135,tree-construct,tree,periph,1.0
apple,all,123,136,dp-linear,dp,core,1.0
apple,all,124,137,dp-tree,dp,core,1.0
apple,all,153,138,binary-search,binary-search,periph,1.0
apple,all,162,139,binary-search,binary-search,periph,1.0
apple,all,188,140,dp-knapsack,dp,core,1.0
apple,all,198,141,dp-linear,dp,core,1.0
apple,all,211,142,trie,tree,periph,1.0
apple,all,224,143,pairing-stack,stack,periph,1.0
apple,all,269,144,topo-sort,graph-search,core,1.0
apple,all,274,145,hashing,hashing,periph,1.0
apple,all,314,146,bfs,graph-search,core,1.0
apple,all,328,147,linked-list,linked-list,periph,1.0
apple,all,378,148,binary-search,binary-search,periph,1.0
apple,all,468,149,string-other,string,periph,1.0
apple,all,477,150,math-bit,math-bit,periph,1.0
apple,all,635,151,design,design,periph,1.0
apple,all,647,152,string-other,string,periph,1.0
apple,all,688,153,dp-grid,dp,core,1.0
apple,all,841,154,dfs-flood,graph-search,periph,1.0
apple,all,855,155,design,design,periph,1.0
apple,all,994,156,bfs,graph-search,core,1.0
apple,all,1011,157,binary-search,binary-search,periph,1.0
apple,all,1087,158,backtracking,backtracking,core,1.0
apple,all,2065,159,backtracking,backtracking,core,1.0
apple,all,3074,160,greedy,greedy,periph,1.0
apple,all,18,161,two-pointers,two-pointers,periph,1.0
apple,all,27,162,two-pointers,two-pointers,periph,1.0
apple,all,37,163,backtracking,backtracking,core,1.0
apple,all,41,164,hashing,hashing,periph,1.0
apple,all,47,165,backtracking,backtracking,core,1.0
apple,all,67,166,math-bit,math-bit,periph,1.0
apple,all,84,167,monotonic-stack,stack,periph,1.0
apple,all,98,168,bst,tree,periph,1.0
apple,all,100,169,tree-traversal,tree,core,1.0
apple,all,109,170,tree-construct,tree,periph,1.0
apple,all,126,171,bfs,graph-search,core,1.0
apple,all,143,172,linked-list,linked-list,periph,1.0
apple,all,150,173,pairing-stack,stack,periph,1.0
apple,all,158,174,design,design,periph,1.0
apple,all,160,175,linked-list,linked-list,periph,1.0
apple,all,213,176,dp-linear,dp,core,1.0
apple,all,217,177,hashing,hashing,periph,1.0
apple,all,218,178,heap-topk,heap-select,periph,1.0
apple,all,277,179,graph-other,graph-search,periph,1.0
apple,all,278,180,binary-search,binary-search,periph,1.0
apple,all,329,181,dp-grid,dp,core,1.0
apple,all,332,182,graph-other,graph-search,periph,1.0
apple,all,340,183,sliding-window,sliding-window,periph,1.0
apple,all,349,184,hashing,hashing,periph,1.0
apple,all,359,185,design,design,periph,1.0
apple,all,424,186,sliding-window,sliding-window,periph,1.0
apple,all,438,187,sliding-window,sliding-window,periph,1.0
apple,all,463,188,matrix-sim,matrix-sim,periph,1.0
apple,all,503,189,monotonic-stack,stack,periph,1.0
apple,all,515,190,bfs,graph-search,core,1.0
apple,all,523,191,prefix-sum,prefix-sum,periph,1.0
apple,all,528,192,binary-search,binary-search,periph,1.0
apple,all,628,193,greedy,greedy,periph,1.0
apple,all,692,194,heap-topk,heap-select,periph,1.0
apple,all,724,195,prefix-sum,prefix-sum,periph,1.0
apple,all,731,196,design,design,periph,1.0
apple,all,759,197,merge-intervals,intervals,periph,1.0
apple,all,820,198,trie,tree,periph,1.0
apple,all,907,199,monotonic-stack,stack,periph,1.0
apple,all,909,200,bfs,graph-search,core,1.0
facebook,all,1249,1,pairing-stack,stack,periph,1.0
facebook,all,408,2,string-other,string,periph,1.0
facebook,all,680,3,two-pointers,two-pointers,periph,1.0
facebook,all,314,4,bfs,graph-search,core,1.0
facebook,all,215,5,heap-topk,heap-select,periph,1.0
facebook,all,227,6,pairing-stack,stack,periph,1.0
facebook,all,1650,7,tree-traversal,tree,core,1.0
facebook,all,1,8,hashing,hashing,periph,1.0
facebook,all,339,9,tree-traversal,tree,core,1.0
facebook,all,528,10,binary-search,binary-search,periph,1.0
facebook,all,88,11,two-pointers,two-pointers,periph,1.0
facebook,all,236,12,tree-aggregate,tree,core,1.0
facebook,all,543,13,tree-aggregate,tree,core,1.0
facebook,all,560,14,prefix-sum,prefix-sum,periph,1.0
facebook,all,162,15,binary-search,binary-search,periph,1.0
facebook,all,199,16,bfs,graph-search,core,1.0
facebook,all,56,17,merge-intervals,intervals,periph,1.0
facebook,all,50,18,math-bit,math-bit,periph,1.0
facebook,all,71,19,pairing-stack,stack,periph,1.0
facebook,all,1762,20,monotonic-stack,stack,periph,1.0
facebook,all,125,21,two-pointers,two-pointers,periph,1.0
facebook,all,1091,22,bfs,graph-search,core,1.0
facebook,all,347,23,heap-topk,heap-select,periph,1.0
facebook,all,121,24,dp-linear,dp,core,1.0
facebook,all,1570,25,design,design,periph,1.0
facebook,all,938,26,bst,tree,periph,1.0
facebook,all,146,27,design,design,periph,1.0
facebook,all,31,28,two-pointers,two-pointers,periph,1.0
facebook,all,138,29,linked-list,linked-list,periph,1.0
facebook,all,129,30,tree-aggregate,tree,core,1.0
facebook,all,973,31,heap-topk,heap-select,periph,1.0
facebook,all,23,32,heap-topk,heap-select,periph,1.0
facebook,all,1004,33,sliding-window,sliding-window,periph,1.0
facebook,all,346,34,design,design,periph,1.0
facebook,all,986,35,merge-intervals,intervals,periph,1.0
facebook,all,20,36,pairing-stack,stack,periph,1.0
facebook,all,34,37,binary-search,binary-search,periph,1.0
facebook,all,827,38,dfs-flood,graph-search,periph,1.0
facebook,all,791,39,greedy,greedy,periph,1.0
facebook,all,2,40,linked-list,linked-list,periph,1.0
facebook,all,670,41,greedy,greedy,periph,1.0
facebook,all,921,42,pairing-stack,stack,periph,1.0
facebook,all,76,43,sliding-window,sliding-window,periph,1.0
facebook,all,15,44,two-pointers,two-pointers,periph,1.0
facebook,all,133,45,graph-other,graph-search,periph,1.0
facebook,all,14,46,string-other,string,periph,1.0
facebook,all,987,47,bfs,graph-search,core,1.0
facebook,all,65,48,string-other,string,periph,1.0
facebook,all,1539,49,binary-search,binary-search,periph,1.0
facebook,all,636,50,pairing-stack,stack,periph,1.0
facebook,all,200,51,dfs-flood,graph-search,periph,1.0
facebook,all,498,52,matrix-sim,matrix-sim,periph,1.0
facebook,all,5,53,string-other,string,periph,1.0
facebook,all,3,54,sliding-window,sliding-window,periph,1.0
facebook,all,26,55,two-pointers,two-pointers,periph,1.0
facebook,all,207,56,topo-sort,graph-search,core,1.0
facebook,all,283,57,two-pointers,two-pointers,periph,1.0
facebook,all,863,58,bfs,graph-search,core,1.0
facebook,all,4,59,binary-search,binary-search,periph,1.0
facebook,all,426,60,bst,tree,periph,1.0
facebook,all,19,61,fast-slow,two-pointers,periph,1.0
facebook,all,415,62,string-other,string,periph,1.0
facebook,all,647,63,string-other,string,periph,1.0
facebook,all,708,64,linked-list,linked-list,periph,1.0
facebook,all,270,65,bst,tree,periph,1.0
facebook,all,42,66,monotonic-stack,stack,periph,1.0
facebook,all,489,67,backtracking,backtracking,core,1.0
facebook,all,9,68,math-bit,math-bit,periph,1.0
facebook,all,78,69,backtracking,backtracking,core,1.0
facebook,all,721,70,union-find,graph-search,periph,1.0
facebook,all,249,71,hashing,hashing,periph,1.0
facebook,all,173,72,bst,tree,periph,1.0
facebook,all,824,73,string-other,string,periph,1.0
facebook,all,398,74,design,design,periph,1.0
facebook,all,523,75,prefix-sum,prefix-sum,periph,1.0
facebook,all,11,76,two-pointers,two-pointers,periph,1.0
facebook,all,13,77,string-other,string,periph,1.0
facebook,all,282,78,backtracking,backtracking,core,1.0
facebook,all,53,79,dp-linear,dp,core,1.0
facebook,all,1216,80,dp-interval,dp,core,1.0
facebook,all,33,81,binary-search,binary-search,periph,1.0
facebook,all,219,82,hashing,hashing,periph,1.0
facebook,all,1768,83,string-other,string,periph,1.0
facebook,all,17,84,backtracking,backtracking,core,1.0
facebook,all,21,85,linked-list,linked-list,periph,1.0
facebook,all,22,86,backtracking,backtracking,core,1.0
facebook,all,480,87,heap-topk,heap-select,periph,1.0
facebook,all,1757,88,sql,sql,trivial,1.0
facebook,all,8,89,string-other,string,periph,1.0
facebook,all,128,90,hashing,hashing,periph,1.0
facebook,all,127,91,bfs,graph-search,core,1.0
facebook,all,75,92,dutch-flag,two-pointers,periph,1.0
facebook,all,169,93,hashing,hashing,periph,1.0
facebook,all,49,94,hashing,hashing,periph,1.0
facebook,all,70,95,dp-linear,dp,core,1.0
facebook,all,875,96,binary-search,binary-search,periph,1.0
facebook,all,1047,97,pairing-stack,stack,periph,1.0
facebook,all,2667,98,trivial,trivial,trivial,1.0
facebook,all,378,99,binary-search,binary-search,periph,1.0
facebook,all,73,100,matrix-sim,matrix-sim,periph,1.0
facebook,all,958,101,bfs,graph-search,core,1.0
facebook,all,163,102,two-pointers,two-pointers,periph,1.0
facebook,all,139,103,dp-linear,dp,core,1.0
facebook,all,766,104,matrix-sim,matrix-sim,periph,1.0
facebook,all,253,105,diff-array,intervals,periph,1.0
facebook,all,269,106,topo-sort,graph-search,core,1.0
facebook,all,977,107,two-pointers,two-pointers,periph,1.0
facebook,all,2265,108,dp-tree,dp,core,1.0
facebook,all,48,109,matrix-sim,matrix-sim,periph,1.0
facebook,all,394,110,pairing-stack,stack,periph,1.0
facebook,all,825,111,hashing,hashing,periph,1.0
facebook,all,238,112,prefix-sum,prefix-sum,periph,1.0
facebook,all,7,113,math-bit,math-bit,periph,1.0
facebook,all,124,114,dp-tree,dp,core,1.0
facebook,all,239,115,monotonic-stack,stack,periph,1.0
facebook,all,66,116,math-bit,math-bit,periph,1.0
facebook,all,234,117,fast-slow,two-pointers,periph,1.0
facebook,all,235,118,bst,tree,periph,1.0
facebook,all,380,119,design,design,periph,1.0
facebook,all,54,120,matrix-sim,matrix-sim,periph,1.0
facebook,all,67,121,math-bit,math-bit,periph,1.0
facebook,all,16,122,two-pointers,two-pointers,periph,1.0
facebook,all,242,123,hashing,hashing,periph,1.0
facebook,all,246,124,string-other,string,periph,1.0
facebook,all,301,125,bfs,graph-search,core,1.0
facebook,all,348,126,design,design,periph,1.0
facebook,all,32,127,pairing-stack,stack,periph,1.0
facebook,all,62,128,dp-grid,dp,core,1.0
facebook,all,102,129,bfs,graph-search,core,1.0
facebook,all,118,130,dp-linear,dp,core,1.0
facebook,all,206,131,linked-list,linked-list,periph,1.0
facebook,all,10,132,dp-grid,dp,core,1.0
facebook,all,28,133,string-matching,string,periph,1.0
facebook,all,43,134,string-other,string,periph,1.0
facebook,all,295,135,heap-topk,heap-select,periph,1.0
facebook,all,18,136,two-pointers,two-pointers,periph,1.0
facebook,all,55,137,greedy,greedy,periph,1.0
facebook,all,116,138,tree-traversal,tree,core,1.0
facebook,all,545,139,tree-traversal,tree,core,1.0
facebook,all,605,140,greedy,greedy,periph,1.0
facebook,all,1868,141,two-pointers,two-pointers,periph,1.0
facebook,all,224,142,pairing-stack,stack,periph,1.0
facebook,all,658,143,binary-search,binary-search,periph,1.0
facebook,all,525,144,prefix-sum,prefix-sum,periph,1.0
facebook,all,536,145,tree-construct,tree,periph,1.0
facebook,all,695,146,dfs-flood,graph-search,periph,1.0
facebook,all,131,147,backtracking,backtracking,core,1.0
facebook,all,329,148,dp-grid,dp,core,1.0
facebook,all,419,149,matrix-sim,matrix-sim,periph,1.0
facebook,all,27,150,two-pointers,two-pointers,periph,1.0
facebook,all,69,151,binary-search,binary-search,periph,1.0
facebook,all,122,152,greedy,greedy,periph,1.0
facebook,all,1424,153,matrix-sim,matrix-sim,periph,1.0
facebook,all,84,154,monotonic-stack,stack,periph,1.0
facebook,all,643,155,sliding-window,sliding-window,periph,1.0
facebook,all,1060,156,binary-search,binary-search,periph,1.0
facebook,all,210,157,topo-sort,graph-search,core,1.0
facebook,all,424,158,sliding-window,sliding-window,periph,1.0
facebook,all,2235,159,trivial,trivial,trivial,1.0
facebook,all,322,160,dp-knapsack,dp,core,1.0
facebook,all,540,161,binary-search,binary-search,periph,1.0
facebook,all,1011,162,binary-search,binary-search,periph,1.0
facebook,all,443,163,two-pointers,two-pointers,periph,1.0
facebook,all,494,164,dp-knapsack,dp,core,1.0
facebook,all,529,165,dfs-flood,graph-search,periph,1.0
facebook,all,1209,166,pairing-stack,stack,periph,1.0
facebook,all,79,167,backtracking,backtracking,core,1.0
facebook,all,123,168,dp-linear,dp,core,1.0
facebook,all,189,169,two-pointers,two-pointers,periph,1.0
facebook,all,217,170,hashing,hashing,periph,1.0
facebook,all,231,171,math-bit,math-bit,periph,1.0
facebook,all,278,172,binary-search,binary-search,periph,1.0
facebook,all,317,173,bfs,graph-search,core,1.0
facebook,all,739,174,monotonic-stack,stack,periph,1.0
facebook,all,1443,175,dp-tree,dp,core,1.0
facebook,all,29,176,math-bit,math-bit,periph,1.0
facebook,all,35,177,binary-search,binary-search,periph,1.0
facebook,all,38,178,string-other,string,periph,1.0
facebook,all,51,179,backtracking,backtracking,core,1.0
facebook,all,98,180,bst,tree,periph,1.0
facebook,all,167,181,two-pointers,two-pointers,periph,1.0
facebook,all,209,182,sliding-window,sliding-window,periph,1.0
facebook,all,286,183,bfs,graph-search,core,1.0
facebook,all,303,184,prefix-sum,prefix-sum,periph,1.0
facebook,all,392,185,two-pointers,two-pointers,periph,1.0
facebook,all,852,186,binary-search,binary-search,periph,1.0
facebook,all,46,187,backtracking,backtracking,core,1.0
facebook,all,91,188,dp-linear,dp,core,1.0
facebook,all,155,189,design,design,periph,1.0
facebook,all,297,190,tree-construct,tree,periph,1.0
facebook,all,934,191,bfs,graph-search,core,1.0
facebook,all,39,192,backtracking,backtracking,core,1.0
facebook,all,198,193,dp-linear,dp,core,1.0
facebook,all,349,194,hashing,hashing,periph,1.0
facebook,all,410,195,binary-search,binary-search,periph,1.0
facebook,all,1778,196,bfs,graph-search,core,1.0
facebook,all,80,197,two-pointers,two-pointers,periph,1.0
facebook,all,136,198,math-bit,math-bit,periph,1.0
facebook,all,143,199,linked-list,linked-list,periph,1.0
facebook,all,334,200,greedy,greedy,periph,1.0
bloomberg,three-months,1,1,hashing,hashing,periph,1.0
bloomberg,three-months,5,2,string-other,string,periph,1.0
bloomberg,three-months,2,3,linked-list,linked-list,periph,1.0
bloomberg,three-months,42,4,monotonic-stack,stack,periph,1.0
bloomberg,three-months,49,5,hashing,hashing,periph,1.0
bloomberg,three-months,121,6,dp-linear,dp,core,1.0
bloomberg,three-months,200,7,dfs-flood,graph-search,periph,1.0
bloomberg,three-months,56,8,merge-intervals,intervals,periph,1.0
bloomberg,three-months,79,9,backtracking,backtracking,core,1.0
bloomberg,three-months,380,10,design,design,periph,1.0
bloomberg,three-months,394,11,pairing-stack,stack,periph,1.0
bloomberg,three-months,21,12,linked-list,linked-list,periph,1.0
bloomberg,three-months,70,13,dp-linear,dp,core,1.0
bloomberg,three-months,128,14,hashing,hashing,periph,1.0
bloomberg,three-months,253,15,diff-array,intervals,periph,1.0
bloomberg,three-months,3,16,sliding-window,sliding-window,periph,1.0
bloomberg,three-months,14,17,string-other,string,periph,1.0
bloomberg,three-months,48,18,matrix-sim,matrix-sim,periph,1.0
bloomberg,three-months,75,19,dutch-flag,two-pointers,periph,1.0
bloomberg,three-months,125,20,two-pointers,two-pointers,periph,1.0
bloomberg,three-months,387,21,hashing,hashing,periph,1.0
bloomberg,three-months,424,22,sliding-window,sliding-window,periph,1.0
bloomberg,three-months,430,23,linked-list,linked-list,periph,1.0
bloomberg,three-months,560,24,prefix-sum,prefix-sum,periph,1.0
bloomberg,three-months,11,25,two-pointers,two-pointers,periph,1.0
bloomberg,three-months,22,26,backtracking,backtracking,core,1.0
bloomberg,three-months,31,27,two-pointers,two-pointers,periph,1.0
bloomberg,three-months,33,28,binary-search,binary-search,periph,1.0
bloomberg,three-months,88,29,two-pointers,two-pointers,periph,1.0
bloomberg,three-months,322,30,dp-knapsack,dp,core,1.0
bloomberg,three-months,875,31,binary-search,binary-search,periph,1.0
bloomberg,three-months,933,32,design,design,periph,1.0
bloomberg,three-months,1752,33,two-pointers,two-pointers,periph,1.0
bloomberg,three-months,2833,34,trivial,trivial,trivial,1.0
bloomberg,three-months,4,35,binary-search,binary-search,periph,1.0
bloomberg,three-months,18,36,two-pointers,two-pointers,periph,1.0
bloomberg,three-months,20,37,pairing-stack,stack,periph,1.0
bloomberg,three-months,26,38,two-pointers,two-pointers,periph,1.0
bloomberg,three-months,35,39,binary-search,binary-search,periph,1.0
bloomberg,three-months,45,40,greedy,greedy,periph,1.0
bloomberg,three-months,69,41,binary-search,binary-search,periph,1.0
bloomberg,three-months,130,42,dfs-flood,graph-search,periph,1.0
bloomberg,three-months,138,43,linked-list,linked-list,periph,1.0
bloomberg,three-months,169,44,hashing,hashing,periph,1.0
bloomberg,three-months,198,45,dp-linear,dp,core,1.0
bloomberg,three-months,236,46,tree-aggregate,tree,core,1.0
bloomberg,three-months,242,47,hashing,hashing,periph,1.0
bloomberg,three-months,283,48,two-pointers,two-pointers,periph,1.0
bloomberg,three-months,904,49,sliding-window,sliding-window,periph,1.0
bloomberg,three-months,994,50,bfs,graph-search,core,1.0
bloomberg,three-months,1169,51,hashing,hashing,periph,1.0
bloomberg,three-months,1396,52,design,design,periph,1.0
bloomberg,three-months,1871,53,dp-linear,dp,core,1.0
bloomberg,three-months,1929,54,trivial,trivial,trivial,1.0
bloomberg,three-months,9,55,math-bit,math-bit,periph,1.0
bloomberg,three-months,13,56,string-other,string,periph,1.0
bloomberg,three-months,15,57,two-pointers,two-pointers,periph,1.0
bloomberg,three-months,25,58,linked-list,linked-list,periph,1.0
bloomberg,three-months,50,59,math-bit,math-bit,periph,1.0
bloomberg,three-months,53,60,dp-linear,dp,core,1.0
bloomberg,three-months,61,61,linked-list,linked-list,periph,1.0
bloomberg,three-months,66,62,math-bit,math-bit,periph,1.0
bloomberg,three-months,77,63,backtracking,backtracking,core,1.0
bloomberg,three-months,101,64,tree-traversal,tree,core,1.0
bloomberg,three-months,118,65,dp-linear,dp,core,1.0
bloomberg,three-months,124,66,dp-tree,dp,core,1.0
bloomberg,three-months,127,67,bfs,graph-search,core,1.0
bloomberg,three-months,134,68,greedy,greedy,periph,1.0
bloomberg,three-months,136,69,math-bit,math-bit,periph,1.0
bloomberg,three-months,139,70,dp-linear,dp,core,1.0
bloomberg,three-months,146,71,design,design,periph,1.0
bloomberg,three-months,167,72,two-pointers,two-pointers,periph,1.0
bloomberg,three-months,217,73,hashing,hashing,periph,1.0
bloomberg,three-months,234,74,fast-slow,two-pointers,periph,1.0
bloomberg,three-months,344,75,two-pointers,two-pointers,periph,1.0
bloomberg,three-months,347,76,heap-topk,heap-select,periph,1.0
bloomberg,three-months,485,77,sliding-window,sliding-window,periph,1.0
bloomberg,three-months,496,78,monotonic-stack,stack,periph,1.0
bloomberg,three-months,525,79,prefix-sum,prefix-sum,periph,1.0
bloomberg,three-months,543,80,tree-aggregate,tree,core,1.0
bloomberg,three-months,547,81,union-find,graph-search,periph,1.0
bloomberg,three-months,611,82,two-pointers,two-pointers,periph,1.0
bloomberg,three-months,735,83,pairing-stack,stack,periph,1.0
bloomberg,three-months,796,84,string-other,string,periph,1.0
bloomberg,three-months,797,85,graph-other,graph-search,periph,1.0
bloomberg,three-months,941,86,two-pointers,two-pointers,periph,1.0
bloomberg,three-months,1029,87,greedy,greedy,periph,1.0
bloomberg,three-months,1274,88,matrix-sim,matrix-sim,periph,1.0
bloomberg,three-months,1387,89,math-bit,math-bit,periph,1.0
bloomberg,three-months,3488,90,hashing,hashing,periph,1.0
bloomberg,three-months,7,91,math-bit,math-bit,periph,1.0
bloomberg,three-months,8,92,string-other,string,periph,1.0
bloomberg,three-months,17,93,backtracking,backtracking,core,1.0
bloomberg,three-months,27,94,two-pointers,two-pointers,periph,1.0
bloomberg,three-months,28,95,string-matching,string,periph,1.0
bloomberg,three-months,30,96,sliding-window,sliding-window,periph,1.0
bloomberg,three-months,34,97,binary-search,binary-search,periph,1.0
bloomberg,three-months,40,98,backtracking,backtracking,core,1.0
bloomberg,three-months,46,99,backtracking,backtracking,core,1.0
bloomberg,three-months,59,100,matrix-sim,matrix-sim,periph,1.0
bloomberg,three-months,73,101,matrix-sim,matrix-sim,periph,1.0
bloomberg,three-months,74,102,binary-search,binary-search,periph,1.0
bloomberg,three-months,83,103,linked-list,linked-list,periph,1.0
bloomberg,three-months,84,104,monotonic-stack,stack,periph,1.0
bloomberg,three-months,104,105,tree-aggregate,tree,core,1.0
bloomberg,three-months,111,106,tree-aggregate,tree,core,1.0
bloomberg,three-months,135,107,greedy,greedy,periph,1.0
bloomberg,three-months,140,108,backtracking,backtracking,core,1.0
bloomberg,three-months,143,109,linked-list,linked-list,periph,1.0
bloomberg,three-months,150,110,pairing-stack,stack,periph,1.0
bloomberg,three-months,153,111,binary-search,binary-search,periph,1.0
bloomberg,three-months,155,112,design,design,periph,1.0
bloomberg,three-months,162,113,binary-search,binary-search,periph,1.0
bloomberg,three-months,176,114,sql,sql,trivial,1.0
bloomberg,three-months,181,115,sql,sql,trivial,1.0
bloomberg,three-months,182,116,sql,sql,trivial,1.0
bloomberg,three-months,189,117,two-pointers,two-pointers,periph,1.0
bloomberg,three-months,197,118,sql,sql,trivial,1.0
bloomberg,three-months,206,119,linked-list,linked-list,periph,1.0
bloomberg,three-months,209,120,sliding-window,sliding-window,periph,1.0
bloomberg,three-months,210,121,topo-sort,graph-search,core,1.0
bloomberg,three-months,219,122,hashing,hashing,periph,1.0
bloomberg,three-months,224,123,pairing-stack,stack,periph,1.0
bloomberg,three-months,228,124,two-pointers,two-pointers,periph,1.0
bloomberg,three-months,231,125,math-bit,math-bit,periph,1.0
bloomberg,three-months,238,126,prefix-sum,prefix-sum,periph,1.0
bloomberg,three-months,239,127,monotonic-stack,stack,periph,1.0
bloomberg,three-months,268,128,math-bit,math-bit,periph,1.0
bloomberg,three-months,300,129,dp-linear,dp,core,1.0
bloomberg,three-months,326,130,math-bit,math-bit,periph,1.0
bloomberg,three-months,332,131,graph-other,graph-search,periph,1.0
bloomberg,three-months,349,132,hashing,hashing,periph,1.0
bloomberg,three-months,368,133,dp-linear,dp,core,1.0
bloomberg,three-months,399,134,union-find,graph-search,periph,1.0
bloomberg,three-months,410,135,binary-search,binary-search,periph,1.0
bloomberg,three-months,412,136,trivial,trivial,trivial,1.0
bloomberg,three-months,438,137,sliding-window,sliding-window,periph,1.0
bloomberg,three-months,450,138,bst,tree,periph,1.0
bloomberg,three-months,493,139,binary-search,binary-search,periph,1.0
bloomberg,three-months,503,140,monotonic-stack,stack,periph,1.0
bloomberg,three-months,584,141,sql,sql,trivial,1.0
bloomberg,three-months,595,142,sql,sql,trivial,1.0
bloomberg,three-months,645,143,hashing,hashing,periph,1.0
bloomberg,three-months,704,144,binary-search,binary-search,periph,1.0
bloomberg,three-months,721,145,union-find,graph-search,periph,1.0
bloomberg,three-months,739,146,monotonic-stack,stack,periph,1.0
bloomberg,three-months,912,147,heap-topk,heap-select,periph,1.0
bloomberg,three-months,977,148,two-pointers,two-pointers,periph,1.0
bloomberg,three-months,1011,149,binary-search,binary-search,periph,1.0
bloomberg,three-months,1235,150,dp-interval,dp,core,1.0
bloomberg,three-months,1268,151,trie,tree,periph,1.0
bloomberg,three-months,1295,152,trivial,trivial,trivial,1.0
bloomberg,three-months,1321,153,sql,sql,trivial,1.0
bloomberg,three-months,1502,154,trivial,trivial,trivial,1.0
bloomberg,three-months,1583,155,hashing,hashing,periph,1.0
bloomberg,three-months,1722,156,union-find,graph-search,periph,1.0
bloomberg,three-months,1727,157,greedy,greedy,periph,1.0
bloomberg,three-months,1757,158,sql,sql,trivial,1.0
bloomberg,three-months,1848,159,two-pointers,two-pointers,periph,1.0
bloomberg,three-months,2144,160,greedy,greedy,periph,1.0
bloomberg,three-months,2657,161,prefix-sum,prefix-sum,periph,1.0
bloomberg,three-months,2667,162,trivial,trivial,trivial,1.0
bloomberg,three-months,3633,163,greedy,greedy,periph,1.0
facebook,three-months,1,1,hashing,hashing,periph,1.0
facebook,three-months,408,2,string-other,string,periph,1.0
facebook,three-months,560,3,prefix-sum,prefix-sum,periph,1.0
facebook,three-months,121,4,dp-linear,dp,core,1.0
facebook,three-months,2,5,linked-list,linked-list,periph,1.0
facebook,three-months,1249,6,pairing-stack,stack,periph,1.0
facebook,three-months,26,7,two-pointers,two-pointers,periph,1.0
facebook,three-months,125,8,two-pointers,two-pointers,periph,1.0
facebook,three-months,1004,9,sliding-window,sliding-window,periph,1.0
facebook,three-months,20,10,pairing-stack,stack,periph,1.0
facebook,three-months,543,11,tree-aggregate,tree,core,1.0
facebook,three-months,4,12,binary-search,binary-search,periph,1.0
facebook,three-months,199,13,bfs,graph-search,core,1.0
facebook,three-months,339,14,tree-traversal,tree,core,1.0
facebook,three-months,528,15,binary-search,binary-search,periph,1.0
facebook,three-months,647,16,string-other,string,periph,1.0
facebook,three-months,50,17,math-bit,math-bit,periph,1.0
facebook,three-months,73,18,matrix-sim,matrix-sim,periph,1.0
facebook,three-months,236,19,tree-aggregate,tree,core,1.0
facebook,three-months,314,20,bfs,graph-search,core,1.0
facebook,three-months,5,21,string-other,string,periph,1.0
facebook,three-months,16,22,two-pointers,two-pointers,periph,1.0
facebook,three-months,88,23,two-pointers,two-pointers,periph,1.0
facebook,three-months,162,24,binary-search,binary-search,periph,1.0
facebook,three-months,200,25,dfs-flood,graph-search,periph,1.0
facebook,three-months,680,26,two-pointers,two-pointers,periph,1.0
facebook,three-months,1539,27,binary-search,binary-search,periph,1.0
facebook,three-months,9,28,math-bit,math-bit,periph,1.0
facebook,three-months,21,29,linked-list,linked-list,periph,1.0
facebook,three-months,27,30,two-pointers,two-pointers,periph,1.0
facebook,three-months,31,31,two-pointers,two-pointers,periph,1.0
facebook,three-months,32,32,pairing-stack,stack,periph,1.0
facebook,three-months,34,33,binary-search,binary-search,periph,1.0
facebook,three-months,39,34,backtracking,backtracking,core,1.0
facebook,three-months,56,35,merge-intervals,intervals,periph,1.0
facebook,three-months,71,36,pairing-stack,stack,periph,1.0
facebook,three-months,128,37,hashing,hashing,periph,1.0
facebook,three-months,146,38,design,design,periph,1.0
facebook,three-months,198,39,dp-linear,dp,core,1.0
facebook,three-months,1650,40,tree-traversal,tree,core,1.0
facebook,three-months,11,41,two-pointers,two-pointers,periph,1.0
facebook,three-months,15,42,two-pointers,two-pointers,periph,1.0
facebook,three-months,22,43,backtracking,backtracking,core,1.0
facebook,three-months,41,44,hashing,hashing,periph,1.0
facebook,three-months,53,45,dp-linear,dp,core,1.0
facebook,three-months,55,46,greedy,greedy,periph,1.0
facebook,three-months,76,47,sliding-window,sliding-window,periph,1.0
facebook,three-months,129,48,tree-aggregate,tree,core,1.0
facebook,three-months,138,49,linked-list,linked-list,periph,1.0
facebook,three-months,207,50,topo-sort,graph-search,core,1.0
facebook,three-months,242,51,hashing,hashing,periph,1.0
facebook,three-months,283,52,two-pointers,two-pointers,periph,1.0
facebook,three-months,322,53,dp-knapsack,dp,core,1.0
facebook,three-months,349,54,hashing,hashing,periph,1.0
facebook,three-months,489,55,backtracking,backtracking,core,1.0
facebook,three-months,498,56,matrix-sim,matrix-sim,periph,1.0
facebook,three-months,678,57,greedy,greedy,periph,1.0
facebook,three-months,921,58,pairing-stack,stack,periph,1.0
facebook,three-months,938,59,bst,tree,periph,1.0
facebook,three-months,3761,60,hashing,hashing,periph,1.0
facebook,three-months,3,61,sliding-window,sliding-window,periph,1.0
facebook,three-months,13,62,string-other,string,periph,1.0
facebook,three-months,14,63,string-other,string,periph,1.0
facebook,three-months,18,64,two-pointers,two-pointers,periph,1.0
facebook,three-months,23,65,heap-topk,heap-select,periph,1.0
facebook,three-months,33,66,binary-search,binary-search,periph,1.0
facebook,three-months,62,67,dp-grid,dp,core,1.0
facebook,three-months,65,68,string-other,string,periph,1.0
facebook,three-months,77,69,backtracking,backtracking,core,1.0
facebook,three-months,84,70,monotonic-stack,stack,periph,1.0
facebook,three-months,104,71,tree-aggregate,tree,core,1.0
facebook,three-months,122,72,greedy,greedy,periph,1.0
facebook,three-months,124,73,dp-tree,dp,core,1.0
facebook,three-months,131,74,backtracking,backtracking,core,1.0
facebook,three-months,150,75,pairing-stack,stack,periph,1.0
facebook,three-months,175,76,sql,sql,trivial,1.0
facebook,three-months,189,77,two-pointers,two-pointers,periph,1.0
facebook,three-months,209,78,sliding-window,sliding-window,periph,1.0
facebook,three-months,215,79,heap-topk,heap-select,periph,1.0
facebook,three-months,227,80,pairing-stack,stack,periph,1.0
facebook,three-months,238,81,prefix-sum,prefix-sum,periph,1.0
facebook,three-months,249,82,hashing,hashing,periph,1.0
facebook,three-months,347,83,heap-topk,heap-select,periph,1.0
facebook,three-months,412,84,trivial,trivial,trivial,1.0
facebook,three-months,549,85,dp-tree,dp,core,1.0
facebook,three-months,636,86,pairing-stack,stack,periph,1.0
facebook,three-months,778,87,dijkstra,graph-search,core,1.0
facebook,three-months,796,88,string-other,string,periph,1.0
facebook,three-months,824,89,string-other,string,periph,1.0
facebook,three-months,827,90,dfs-flood,graph-search,periph,1.0
facebook,three-months,863,91,bfs,graph-search,core,1.0
facebook,three-months,987,92,bfs,graph-search,core,1.0
facebook,three-months,1581,93,sql,sql,trivial,1.0
facebook,three-months,1674,94,diff-array,intervals,periph,1.0
facebook,three-months,1871,95,dp-linear,dp,core,1.0
facebook,three-months,1929,96,trivial,trivial,trivial,1.0
facebook,three-months,24,97,linked-list,linked-list,periph,1.0
facebook,three-months,28,98,string-matching,string,periph,1.0
facebook,three-months,29,99,math-bit,math-bit,periph,1.0
facebook,three-months,35,100,binary-search,binary-search,periph,1.0
facebook,three-months,36,101,hashing,hashing,periph,1.0
facebook,three-months,42,102,monotonic-stack,stack,periph,1.0
facebook,three-months,48,103,matrix-sim,matrix-sim,periph,1.0
facebook,three-months,49,104,hashing,hashing,periph,1.0
facebook,three-months,51,105,backtracking,backtracking,core,1.0
facebook,three-months,54,106,matrix-sim,matrix-sim,periph,1.0
facebook,three-months,58,107,string-other,string,periph,1.0
facebook,three-months,61,108,linked-list,linked-list,periph,1.0
facebook,three-months,66,109,math-bit,math-bit,periph,1.0
facebook,three-months,80,110,two-pointers,two-pointers,periph,1.0
facebook,three-months,82,111,linked-list,linked-list,periph,1.0
facebook,three-months,101,112,tree-traversal,tree,core,1.0
facebook,three-months,108,113,tree-construct,tree,periph,1.0
facebook,three-months,123,114,dp-linear,dp,core,1.0
facebook,three-months,127,115,bfs,graph-search,core,1.0
facebook,three-months,133,116,graph-other,graph-search,periph,1.0
facebook,three-months,143,117,linked-list,linked-list,periph,1.0
facebook,three-months,153,118,binary-search,binary-search,periph,1.0
facebook,three-months,155,119,design,design,periph,1.0
facebook,three-months,167,120,two-pointers,two-pointers,periph,1.0
facebook,three-months,177,121,sql,sql,trivial,1.0
facebook,three-months,182,122,sql,sql,trivial,1.0
facebook,three-months,202,123,hashing,hashing,periph,1.0
facebook,three-months,212,124,trie,tree,periph,1.0
facebook,three-months,224,125,pairing-stack,stack,periph,1.0
facebook,three-months,231,126,math-bit,math-bit,periph,1.0
facebook,three-months,234,127,fast-slow,two-pointers,periph,1.0
facebook,three-months,240,128,binary-search,binary-search,periph,1.0
facebook,three-months,287,129,fast-slow,two-pointers,periph,1.0
facebook,three-months,343,130,dp-linear,dp,core,1.0
facebook,three-months,373,131,heap-topk,heap-select,periph,1.0
facebook,three-months,396,132,math-bit,math-bit,periph,1.0
facebook,three-months,419,133,matrix-sim,matrix-sim,periph,1.0
facebook,three-months,424,134,sliding-window,sliding-window,periph,1.0
facebook,three-months,438,135,sliding-window,sliding-window,periph,1.0
facebook,three-months,485,136,sliding-window,sliding-window,periph,1.0
facebook,three-months,525,137,prefix-sum,prefix-sum,periph,1.0
facebook,three-months,529,138,dfs-flood,graph-search,periph,1.0
facebook,three-months,540,139,binary-search,binary-search,periph,1.0
facebook,three-months,541,140,string-other,string,periph,1.0
facebook,three-months,545,141,tree-traversal,tree,core,1.0
facebook,three-months,584,142,sql,sql,trivial,1.0
facebook,three-months,585,143,sql,sql,trivial,1.0
facebook,three-months,595,144,sql,sql,trivial,1.0
facebook,three-months,605,145,greedy,greedy,periph,1.0
facebook,three-months,645,146,hashing,hashing,periph,1.0
facebook,three-months,695,147,dfs-flood,graph-search,periph,1.0
facebook,three-months,708,148,linked-list,linked-list,periph,1.0
facebook,three-months,724,149,prefix-sum,prefix-sum,periph,1.0
facebook,three-months,739,150,monotonic-stack,stack,periph,1.0
facebook,three-months,791,151,greedy,greedy,periph,1.0
facebook,three-months,875,152,binary-search,binary-search,periph,1.0
facebook,three-months,904,153,sliding-window,sliding-window,periph,1.0
facebook,three-months,1047,154,pairing-stack,stack,periph,1.0
facebook,three-months,1091,155,bfs,graph-search,core,1.0
facebook,three-months,1143,156,dp-grid,dp,core,1.0
facebook,three-months,1174,157,sql,sql,trivial,1.0
facebook,three-months,1239,158,backtracking,backtracking,core,1.0
facebook,three-months,1251,159,sql,sql,trivial,1.0
facebook,three-months,1424,160,matrix-sim,matrix-sim,periph,1.0
facebook,three-months,1570,161,design,design,periph,1.0
facebook,three-months,1762,162,monotonic-stack,stack,periph,1.0
facebook,three-months,1888,163,dp-linear,dp,core,1.0
facebook,three-months,1914,164,matrix-sim,matrix-sim,periph,1.0
facebook,three-months,1971,165,union-find,graph-search,periph,1.0
facebook,three-months,2104,166,monotonic-stack,stack,periph,1.0
facebook,three-months,3129,167,dp-linear,dp,core,1.0
facebook,three-months,3300,168,math-bit,math-bit,periph,1.0
facebook,three-months,3932,169,number-theory,math-bit,periph,1.0
uber,more-than-six-months,815,1,bfs,graph-search,core,1.0
uber,more-than-six-months,269,2,topo-sort,graph-search,core,1.0
uber,more-than-six-months,200,3,dfs-flood,graph-search,periph,1.0
uber,more-than-six-months,1438,4,sliding-window,sliding-window,periph,1.0
uber,more-than-six-months,305,5,union-find,graph-search,periph,1.0
uber,more-than-six-months,977,6,two-pointers,two-pointers,periph,1.0
uber,more-than-six-months,564,7,string-other,string,periph,1.0
uber,more-than-six-months,427,8,tree-construct,tree,periph,1.0
uber,more-than-six-months,230,9,bst,tree,periph,1.0
uber,more-than-six-months,212,10,trie,tree,periph,1.0
uber,more-than-six-months,68,11,string-other,string,periph,1.0
uber,more-than-six-months,79,12,backtracking,backtracking,core,1.0
uber,more-than-six-months,238,13,prefix-sum,prefix-sum,periph,1.0
uber,more-than-six-months,729,14,design,design,periph,1.0
uber,more-than-six-months,362,15,design,design,periph,1.0
uber,more-than-six-months,146,16,design,design,periph,1.0
uber,more-than-six-months,380,17,design,design,periph,1.0
uber,more-than-six-months,3161,18,binary-search,binary-search,periph,1.0
uber,more-than-six-months,1429,19,design,design,periph,1.0
uber,more-than-six-months,399,20,union-find,graph-search,periph,1.0
uber,more-than-six-months,121,21,dp-linear,dp,core,1.0
uber,more-than-six-months,210,22,topo-sort,graph-search,core,1.0
uber,more-than-six-months,528,23,binary-search,binary-search,periph,1.0
uber,more-than-six-months,224,24,pairing-stack,stack,periph,1.0
uber,more-than-six-months,934,25,bfs,graph-search,core,1.0
uber,more-than-six-months,588,26,design,design,periph,1.0
uber,more-than-six-months,1861,27,matrix-sim,matrix-sim,periph,1.0
uber,more-than-six-months,3071,28,greedy,greedy,periph,1.0
uber,more-than-six-months,741,29,dp-grid,dp,core,1.0
uber,more-than-six-months,1428,30,binary-search,binary-search,periph,1.0
uber,more-than-six-months,2444,31,sliding-window,sliding-window,periph,1.0
uber,more-than-six-months,2468,32,greedy,greedy,periph,1.0
uber,more-than-six-months,253,33,diff-array,intervals,periph,1.0
uber,more-than-six-months,347,34,heap-topk,heap-select,periph,1.0
uber,more-than-six-months,384,35,design,design,periph,1.0
uber,more-than-six-months,490,36,bfs,graph-search,core,1.0
uber,more-than-six-months,2493,37,graph-other,graph-search,periph,1.0
uber,more-than-six-months,54,38,matrix-sim,matrix-sim,periph,1.0
uber,more-than-six-months,36,39,hashing,hashing,periph,1.0
uber,more-than-six-months,505,40,dijkstra,graph-search,core,1.0
uber,more-than-six-months,875,41,binary-search,binary-search,periph,1.0
uber,more-than-six-months,3341,42,dijkstra,graph-search,core,1.0
uber,more-than-six-months,3387,43,graph-other,graph-search,periph,1.0
uber,more-than-six-months,3466,44,dp-grid,dp,core,1.0
uber,more-than-six-months,322,45,dp-knapsack,dp,core,1.0
uber,more-than-six-months,2858,46,graph-other,graph-search,periph,1.0
uber,more-than-six-months,3027,47,geometry,math-bit,periph,1.0
uber,more-than-six-months,3342,48,dijkstra,graph-search,core,1.0
uber,more-than-six-months,17,49,backtracking,backtracking,core,1.0
uber,more-than-six-months,49,50,hashing,hashing,periph,1.0
uber,more-than-six-months,199,51,bfs,graph-search,core,1.0
uber,more-than-six-months,465,52,backtracking,backtracking,core,1.0
uber,more-than-six-months,2402,53,heap-topk,heap-select,periph,1.0
uber,more-than-six-months,2768,54,hashing,hashing,periph,1.0
uber,more-than-six-months,1,55,hashing,hashing,periph,1.0
uber,more-than-six-months,139,56,dp-linear,dp,core,1.0
uber,more-than-six-months,207,57,topo-sort,graph-search,core,1.0
uber,more-than-six-months,692,58,heap-topk,heap-select,periph,1.0
uber,more-than-six-months,981,59,design,design,periph,1.0
uber,more-than-six-months,994,60,bfs,graph-search,core,1.0
uber,more-than-six-months,48,61,matrix-sim,matrix-sim,periph,1.0
uber,more-than-six-months,84,62,monotonic-stack,stack,periph,1.0
uber,more-than-six-months,239,63,monotonic-stack,stack,periph,1.0
uber,more-than-six-months,242,64,hashing,hashing,periph,1.0
uber,more-than-six-months,752,65,bfs,graph-search,core,1.0
uber,more-than-six-months,827,66,dfs-flood,graph-search,periph,1.0
uber,more-than-six-months,2115,67,topo-sort,graph-search,core,1.0
uber,more-than-six-months,2246,68,dp-tree,dp,core,1.0
uber,more-than-six-months,57,69,merge-intervals,intervals,periph,1.0
uber,more-than-six-months,76,70,sliding-window,sliding-window,periph,1.0
uber,more-than-six-months,127,71,bfs,graph-search,core,1.0
uber,more-than-six-months,135,72,greedy,greedy,periph,1.0
uber,more-than-six-months,174,73,dp-grid,dp,core,1.0
uber,more-than-six-months,198,74,dp-linear,dp,core,1.0
uber,more-than-six-months,286,75,bfs,graph-search,core,1.0
uber,more-than-six-months,295,76,heap-topk,heap-select,periph,1.0
uber,more-than-six-months,297,77,tree-construct,tree,periph,1.0
uber,more-than-six-months,545,78,tree-traversal,tree,core,1.0
uber,more-than-six-months,792,79,binary-search,binary-search,periph,1.0
uber,more-than-six-months,974,80,prefix-sum,prefix-sum,periph,1.0
uber,more-than-six-months,983,81,dp-linear,dp,core,1.0
uber,more-than-six-months,1368,82,dijkstra,graph-search,core,1.0
uber,more-than-six-months,2502,83,design,design,periph,1.0
uber,more-than-six-months,2508,84,graph-other,graph-search,periph,1.0
uber,more-than-six-months,2603,85,graph-other,graph-search,periph,1.0
uber,more-than-six-months,23,86,heap-topk,heap-select,periph,1.0
uber,more-than-six-months,34,87,binary-search,binary-search,periph,1.0
uber,more-than-six-months,37,88,backtracking,backtracking,core,1.0
uber,more-than-six-months,42,89,monotonic-stack,stack,periph,1.0
uber,more-than-six-months,56,90,merge-intervals,intervals,periph,1.0
uber,more-than-six-months,162,91,binary-search,binary-search,periph,1.0
uber,more-than-six-months,218,92,heap-topk,heap-select,periph,1.0
uber,more-than-six-months,312,93,dp-interval,dp,core,1.0
uber,more-than-six-months,332,94,graph-other,graph-search,periph,1.0
uber,more-than-six-months,410,95,binary-search,binary-search,periph,1.0
uber,more-than-six-months,432,96,design,design,periph,1.0
uber,more-than-six-months,621,97,greedy,greedy,periph,1.0
uber,more-than-six-months,773,98,bfs,graph-search,core,1.0
uber,more-than-six-months,785,99,graph-other,graph-search,periph,1.0
uber,more-than-six-months,953,100,string-other,string,periph,1.0
uber,more-than-six-months,986,101,merge-intervals,intervals,periph,1.0
uber,more-than-six-months,2009,102,binary-search,binary-search,periph,1.0
uber,more-than-six-months,2021,103,diff-array,intervals,periph,1.0
uber,more-than-six-months,2258,104,bfs,graph-search,core,1.0
uber,more-than-six-months,2537,105,sliding-window,sliding-window,periph,1.0
uber,more-than-six-months,2571,106,math-bit,math-bit,periph,1.0
uber,more-than-six-months,3043,107,trie,tree,periph,1.0
uber,more-than-six-months,31,108,two-pointers,two-pointers,periph,1.0
uber,more-than-six-months,33,109,binary-search,binary-search,periph,1.0
uber,more-than-six-months,64,110,dp-grid,dp,core,1.0
uber,more-than-six-months,91,111,dp-linear,dp,core,1.0
uber,more-than-six-months,124,112,dp-tree,dp,core,1.0
uber,more-than-six-months,126,113,bfs,graph-search,core,1.0
uber,more-than-six-months,128,114,hashing,hashing,periph,1.0
uber,more-than-six-months,153,115,binary-search,binary-search,periph,1.0
uber,more-than-six-months,227,116,pairing-stack,stack,periph,1.0
uber,more-than-six-months,258,117,math-bit,math-bit,periph,1.0
uber,more-than-six-months,329,118,dp-grid,dp,core,1.0
uber,more-than-six-months,337,119,dp-tree,dp,core,1.0
uber,more-than-six-months,365,120,number-theory,math-bit,periph,1.0
uber,more-than-six-months,424,121,sliding-window,sliding-window,periph,1.0
uber,more-than-six-months,450,122,bst,tree,periph,1.0
uber,more-than-six-months,460,123,design,design,periph,1.0
uber,more-than-six-months,547,124,union-find,graph-search,periph,1.0
uber,more-than-six-months,636,125,pairing-stack,stack,periph,1.0
uber,more-than-six-months,723,126,matrix-sim,matrix-sim,periph,1.0
uber,more-than-six-months,788,127,dp-digit,dp,core,1.0
uber,more-than-six-months,992,128,sliding-window,sliding-window,periph,1.0
uber,more-than-six-months,1166,129,trie,tree,periph,1.0
uber,more-than-six-months,1202,130,union-find,graph-search,periph,1.0
uber,more-than-six-months,1475,131,monotonic-stack,stack,periph,1.0
uber,more-than-six-months,1584,132,union-find,graph-search,periph,1.0
uber,more-than-six-months,1814,133,hashing,hashing,periph,1.0
uber,more-than-six-months,2008,134,dp-linear,dp,core,1.0
uber,more-than-six-months,2101,135,graph-other,graph-search,periph,1.0
uber,more-than-six-months,2187,136,binary-search,binary-search,periph,1.0
uber,more-than-six-months,2197,137,number-theory,math-bit,periph,1.0
uber,more-than-six-months,2672,138,greedy,greedy,periph,1.0
uber,more-than-six-months,5,139,string-other,string,periph,1.0
uber,more-than-six-months,7,140,math-bit,math-bit,periph,1.0
uber,more-than-six-months,8,141,string-other,string,periph,1.0
uber,more-than-six-months,10,142,dp-grid,dp,core,1.0
uber,more-than-six-months,13,143,string-other,string,periph,1.0
uber,more-than-six-months,14,144,string-other,string,periph,1.0
uber,more-than-six-months,20,145,pairing-stack,stack,periph,1.0
uber,more-than-six-months,27,146,two-pointers,two-pointers,periph,1.0
uber,more-than-six-months,53,147,dp-linear,dp,core,1.0
uber,more-than-six-months,69,148,binary-search,binary-search,periph,1.0
uber,more-than-six-months,71,149,pairing-stack,stack,periph,1.0
uber,more-than-six-months,78,150,backtracking,backtracking,core,1.0
uber,more-than-six-months,125,151,two-pointers,two-pointers,periph,1.0
uber,more-than-six-months,130,152,dfs-flood,graph-search,periph,1.0
uber,more-than-six-months,155,153,design,design,periph,1.0
uber,more-than-six-months,171,154,math-bit,math-bit,periph,1.0
uber,more-than-six-months,214,155,string-matching,string,periph,1.0
uber,more-than-six-months,262,156,sql,sql,trivial,1.0
uber,more-than-six-months,283,157,two-pointers,two-pointers,periph,1.0
uber,more-than-six-months,330,158,greedy,greedy,periph,1.0
uber,more-than-six-months,415,159,string-other,string,periph,1.0
uber,more-than-six-months,535,160,design,design,periph,1.0
uber,more-than-six-months,560,161,prefix-sum,prefix-sum,periph,1.0
uber,more-than-six-months,642,162,trie,tree,periph,1.0
uber,more-than-six-months,648,163,trie,tree,periph,1.0
uber,more-than-six-months,658,164,binary-search,binary-search,periph,1.0
uber,more-than-six-months,679,165,backtracking,backtracking,core,1.0
uber,more-than-six-months,722,166,string-other,string,periph,1.0
uber,more-than-six-months,735,167,pairing-stack,stack,periph,1.0
uber,more-than-six-months,895,168,design,design,periph,1.0
uber,more-than-six-months,1091,169,bfs,graph-search,core,1.0
uber,more-than-six-months,1139,170,dp-grid,dp,core,1.0
uber,more-than-six-months,1152,171,hashing,hashing,periph,1.0
uber,more-than-six-months,1235,172,dp-interval,dp,core,1.0
uber,more-than-six-months,1326,173,greedy,greedy,periph,1.0
uber,more-than-six-months,1423,174,sliding-window,sliding-window,periph,1.0
uber,more-than-six-months,1489,175,union-find,graph-search,periph,1.0
uber,more-than-six-months,1603,176,design,design,periph,1.0
uber,more-than-six-months,1627,177,union-find,graph-search,periph,1.0
uber,more-than-six-months,1673,178,monotonic-stack,stack,periph,1.0
uber,more-than-six-months,1768,179,string-other,string,periph,1.0
uber,more-than-six-months,1838,180,sliding-window,sliding-window,periph,1.0
uber,more-than-six-months,1856,181,monotonic-stack,stack,periph,1.0
uber,more-than-six-months,2251,182,binary-search,binary-search,periph,1.0
uber,more-than-six-months,2467,183,dp-tree,dp,core,1.0
uber,more-than-six-months,2551,184,greedy,greedy,periph,1.0
uber,more-than-six-months,2791,185,dp-tree,dp,core,1.0
uber,more-than-six-months,2817,186,sliding-window,sliding-window,periph,1.0
uber,more-than-six-months,2828,187,string-other,string,periph,1.0
uber,more-than-six-months,2848,188,diff-array,intervals,periph,1.0
uber,more-than-six-months,3034,189,string-matching,string,periph,1.0
uber,more-than-six-months,3045,190,string-matching,string,periph,1.0
uber,more-than-six-months,2,191,linked-list,linked-list,periph,1.0
uber,more-than-six-months,4,192,binary-search,binary-search,periph,1.0
uber,more-than-six-months,22,193,backtracking,backtracking,core,1.0
uber,more-than-six-months,24,194,linked-list,linked-list,periph,1.0
uber,more-than-six-months,25,195,linked-list,linked-list,periph,1.0
uber,more-than-six-months,26,196,two-pointers,two-pointers,periph,1.0
uber,more-than-six-months,32,197,pairing-stack,stack,periph,1.0
uber,more-than-six-months,39,198,backtracking,backtracking,core,1.0
uber,more-than-six-months,46,199,backtracking,backtracking,core,1.0
uber,more-than-six-months,70,200,dp-linear,dp,core,1.0
